source,kind,method,bits,dim,count,bits_per_coord,ratio_vs_fp32,ratio_vs_fp16,rel_err,cosine,ip_rel_rmse,ip_slope
gaussian,synthetic,turboQuant,2,64,2048,2.5,12.8,6.4,0.113963,0.942049,0.333933,0.887062
gaussian,synthetic,turboQuant,3,64,2048,3.5,9.14286,4.57143,0.0332379,0.983687,0.183201,0.966542
gaussian,synthetic,turboQuant,4,64,2048,4.5,7.11111,3.55556,0.00904982,0.995622,0.0934535,0.990466
gaussian,synthetic,turboQuant,5,64,2048,5.5,5.81818,2.90909,0.00237551,0.998857,0.0484119,0.997902
gaussian,synthetic,turboQuant,6,64,2048,6.5,4.92308,2.46154,0.000606302,0.999708,0.025041,0.999737
gaussian,synthetic,turboQuant,7,64,2048,7.5,4.26667,2.13333,0.000153095,0.999926,0.0121545,0.99975
gaussian,synthetic,turboQuant,8,64,2048,8.5,3.76471,1.88235,3.86655e-05,0.999981,0.0062994,1.00005
gaussian,synthetic,polarQuant,2,64,2048,2.5,12.8,6.4,0.238633,0.883988,0.501699,0.894398
gaussian,synthetic,polarQuant,3,64,2048,3.5,9.14286,4.57143,0.0580707,0.971165,0.23734,0.977504
gaussian,synthetic,polarQuant,4,64,2048,4.5,7.11111,3.55556,0.0142801,0.992888,0.120176,0.988638
gaussian,synthetic,polarQuant,5,64,2048,5.5,5.81818,2.90909,0.00355449,0.998228,0.0590283,0.999509
gaussian,synthetic,polarQuant,6,64,2048,6.5,4.92308,2.46154,0.000887144,0.999558,0.0299482,1.00079
gaussian,synthetic,polarQuant,7,64,2048,7.5,4.26667,2.13333,0.000221947,0.999889,0.0146367,1.00032
gaussian,synthetic,polarQuant,8,64,2048,8.5,3.76471,1.88235,5.51348e-05,0.999973,0.00753794,1.00009
gaussian,synthetic,turboQuant,2,128,2048,2.25,14.2222,7.11111,0.115811,0.940688,0.351569,0.876351
gaussian,synthetic,turboQuant,3,128,2048,3.25,9.84615,4.92308,0.0337442,0.983212,0.185855,0.957565
gaussian,synthetic,turboQuant,4,128,2048,4.25,7.52941,3.76471,0.00925805,0.995444,0.0966065,0.990248
gaussian,synthetic,turboQuant,5,128,2048,5.25,6.09524,3.04762,0.00245121,0.998798,0.0503987,0.995717
gaussian,synthetic,turboQuant,6,128,2048,6.25,5.12,2.56,0.000630929,0.999691,0.0258167,0.999981
gaussian,synthetic,turboQuant,7,128,2048,7.25,4.41379,2.2069,0.000161295,0.999921,0.0131746,0.999575
gaussian,synthetic,turboQuant,8,128,2048,8.25,3.87879,1.93939,4.05157e-05,0.99998,0.00649136,1.00003
gaussian,synthetic,polarQuant,2,128,2048,2.25,14.2222,7.11111,0.24419,0.881557,0.497076,0.910738
gaussian,synthetic,polarQuant,3,128,2048,3.25,9.84615,4.92308,0.0588436,0.970759,0.247463,0.980799
gaussian,synthetic,polarQuant,4,128,2048,4.25,7.52941,3.76471,0.014631,0.992704,0.122455,0.995942
gaussian,synthetic,polarQuant,5,128,2048,5.25,6.09524,3.04762,0.00361492,0.998196,0.0611942,0.998904
gaussian,synthetic,polarQuant,6,128,2048,6.25,5.12,2.56,0.000903999,0.999549,0.0303129,0.999425
gaussian,synthetic,polarQuant,7,128,2048,7.25,4.41379,2.2069,0.000223462,0.999888,0.0149582,1.00005
gaussian,synthetic,polarQuant,8,128,2048,8.25,3.87879,1.93939,5.6169e-05,0.999972,0.00751958,0.999721
gaussian,synthetic,turboQuant,2,256,2048,2.125,15.0588,7.52941,0.116789,0.939998,0.342273,0.876044
gaussian,synthetic,turboQuant,3,256,2048,3.125,10.24,5.12,0.0343245,0.982803,0.190519,0.962609
gaussian,synthetic,turboQuant,4,256,2048,4.125,7.75758,3.87879,0.00940608,0.995328,0.0967364,0.993063
gaussian,synthetic,turboQuant,5,256,2048,5.125,6.2439,3.12195,0.00248654,0.998768,0.0494079,0.997812
gaussian,synthetic,turboQuant,6,256,2048,6.125,5.22449,2.61224,0.000636674,0.999685,0.0254782,0.999557
gaussian,synthetic,turboQuant,7,256,2048,7.125,4.49123,2.24561,0.000161362,0.99992,0.0127144,0.999805
gaussian,synthetic,turboQuant,8,256,2048,8.125,3.93846,1.96923,4.05198e-05,0.99998,0.00630937,0.999857
gaussian,synthetic,polarQuant,2,256,2048,2.125,15.0588,7.52941,0.253468,0.87747,0.508788,0.889968
gaussian,synthetic,polarQuant,3,256,2048,3.125,10.24,5.12,0.0599583,0.970215,0.252659,0.973198
gaussian,synthetic,polarQuant,4,256,2048,4.125,7.75758,3.87879,0.0148381,0.992596,0.124116,0.994143
gaussian,synthetic,polarQuant,5,256,2048,5.125,6.2439,3.12195,0.00366796,0.998168,0.0607922,0.999704
gaussian,synthetic,polarQuant,6,256,2048,6.125,5.22449,2.61224,0.000918196,0.999541,0.0300636,1.00006
gaussian,synthetic,polarQuant,7,256,2048,7.125,4.49123,2.24561,0.000229291,0.999885,0.0150084,0.999749
gaussian,synthetic,polarQuant,8,256,2048,8.125,3.93846,1.96923,5.69306e-05,0.999972,0.00757606,0.999703
gaussian,synthetic,turboQuant,2,512,2048,2.0625,15.5152,7.75758,0.116824,0.939868,0.338273,0.886948
gaussian,synthetic,turboQuant,3,512,2048,3.0625,10.449,5.22449,0.0342395,0.982786,0.17722,0.968294
gaussian,synthetic,turboQuant,4,512,2048,4.0625,7.87692,3.93846,0.00940256,0.995308,0.0965636,0.990693
gaussian,synthetic,turboQuant,5,512,2048,5.0625,6.32099,3.16049,0.00247642,0.998767,0.0477348,0.999273
gaussian,synthetic,turboQuant,6,512,2048,6.0625,5.27835,2.63918,0.000637903,0.999683,0.0244789,1.00003
gaussian,synthetic,turboQuant,7,512,2048,7.0625,4.53097,2.26549,0.000161967,0.999919,0.0126085,1.00006
gaussian,synthetic,turboQuant,8,512,2048,8.0625,3.96899,1.9845,4.0382e-05,0.99998,0.00622795,0.999915
gaussian,synthetic,polarQuant,2,512,2048,2.0625,15.5152,7.75758,0.259262,0.875097,0.509752,0.911541
gaussian,synthetic,polarQuant,3,512,2048,3.0625,10.449,5.22449,0.0614261,0.969481,0.246061,0.969496
gaussian,synthetic,polarQuant,4,512,2048,4.0625,7.87692,3.93846,0.0150919,0.992467,0.121025,0.992952
gaussian,synthetic,polarQuant,5,512,2048,5.0625,6.32099,3.16049,0.00373573,0.998134,0.0587097,1.00054
gaussian,synthetic,polarQuant,6,512,2048,6.0625,5.27835,2.63918,0.000930877,0.999535,0.0301391,1.00018
gaussian,synthetic,polarQuant,7,512,2048,7.0625,4.53097,2.26549,0.000231465,0.999884,0.0147361,0.999599
gaussian,synthetic,polarQuant,8,512,2048,8.0625,3.96899,1.9845,5.80725e-05,0.999971,0.0074177,1.00007
gaussian,synthetic,turboQuant,2,1024,2048,2.03125,15.7538,7.87692,0.117375,0.939526,0.337822,0.88624
gaussian,synthetic,turboQuant,3,1024,2048,3.03125,10.5567,5.27835,0.0345468,0.982605,0.185753,0.959492
gaussian,synthetic,turboQuant,4,1024,2048,4.03125,7.93798,3.96899,0.00947553,0.995262,0.0975445,0.989134
gaussian,synthetic,turboQuant,5,1024,2048,5.03125,6.36025,3.18012,0.00250284,0.998751,0.0504505,0.99763
gaussian,synthetic,turboQuant,6,1024,2048,6.03125,5.3057,2.65285,0.000642674,0.999679,0.0250415,0.999148
gaussian,synthetic,turboQuant,7,1024,2048,7.03125,4.55111,2.27556,0.000162889,0.999919,0.0127855,0.99975
gaussian,synthetic,turboQuant,8,1024,2048,8.03125,3.98444,1.99222,4.09959e-05,0.99998,0.0062885,0.999936
gaussian,synthetic,polarQuant,2,1024,2048,2.03125,15.7538,7.87692,0.266682,0.872236,0.49086,0.90939
gaussian,synthetic,polarQuant,3,1024,2048,3.03125,10.5567,5.27835,0.0626855,0.968881,0.23768,0.972927
gaussian,synthetic,polarQuant,4,1024,2048,4.03125,7.93798,3.96899,0.0153729,0.992327,0.126278,0.992342
gaussian,synthetic,polarQuant,5,1024,2048,5.03125,6.36025,3.18012,0.00380263,0.9981,0.0604589,1.00097
gaussian,synthetic,polarQuant,6,1024,2048,6.03125,5.3057,2.65285,0.000944542,0.999528,0.0301417,0.999668
gaussian,synthetic,polarQuant,7,1024,2048,7.03125,4.55111,2.27556,0.000236329,0.999882,0.0154475,0.999592
gaussian,synthetic,polarQuant,8,1024,2048,8.03125,3.98444,1.99222,5.88689e-05,0.999971,0.00748493,0.999813
gpt2,key,turboQuant,2,64,960,2.5,12.8,6.4,0.115279,0.941264,0.35535,0.863678
gpt2,key,turboQuant,3,64,960,3.5,9.14286,4.57143,0.0333634,0.983601,0.184108,0.955476
gpt2,key,turboQuant,4,64,960,4.5,7.11111,3.55556,0.00902137,0.995633,0.0952505,0.990603
gpt2,key,turboQuant,5,64,960,5.5,5.81818,2.90909,0.00238864,0.99885,0.0487857,0.996081
gpt2,key,turboQuant,6,64,960,6.5,4.92308,2.46154,0.000612572,0.999705,0.0244486,0.998952
gpt2,key,turboQuant,7,64,960,7.5,4.26667,2.13333,0.000150571,0.999927,0.0123694,1.00015
gpt2,key,turboQuant,8,64,960,8.5,3.76471,1.88235,3.85284e-05,0.999982,0.00623049,1.00019
gpt2,key,polarQuant,2,64,960,2.5,12.8,6.4,0.232337,0.887129,0.52284,0.889844
gpt2,key,polarQuant,3,64,960,3.5,9.14286,4.57143,0.0577123,0.971371,0.233033,0.989337
gpt2,key,polarQuant,4,64,960,4.5,7.11111,3.55556,0.0142851,0.992885,0.115172,1.00019
gpt2,key,polarQuant,5,64,960,5.5,5.81818,2.90909,0.00350037,0.998255,0.0605997,0.995354
gpt2,key,polarQuant,6,64,960,6.5,4.92308,2.46154,0.000887139,0.999557,0.0298009,1.00047
gpt2,key,polarQuant,7,64,960,7.5,4.26667,2.13333,0.000222416,0.999889,0.0150178,0.999486
gpt2,key,polarQuant,8,64,960,8.5,3.76471,1.88235,5.50018e-05,0.999973,0.00731183,1.00045
gpt2,value,turboQuant,2,64,960,2.5,12.8,6.4,0.112635,0.942852,0.339504,0.866361
gpt2,value,turboQuant,3,64,960,3.5,9.14286,4.57143,0.0328768,0.98389,0.184678,0.96011
gpt2,value,turboQuant,4,64,960,4.5,7.11111,3.55556,0.00905013,0.995619,0.0944541,0.982924
gpt2,value,turboQuant,5,64,960,5.5,5.81818,2.90909,0.0023841,0.998851,0.0531267,0.998373
gpt2,value,turboQuant,6,64,960,6.5,4.92308,2.46154,0.000604197,0.99971,0.0262766,0.999071
gpt2,value,turboQuant,7,64,960,7.5,4.26667,2.13333,0.00015389,0.999926,0.0131238,0.998715
gpt2,value,turboQuant,8,64,960,8.5,3.76471,1.88235,3.84935e-05,0.999981,0.00681366,1.00052
gpt2,value,polarQuant,2,64,960,2.5,12.8,6.4,0.240785,0.882901,0.510975,0.879129
gpt2,value,polarQuant,3,64,960,3.5,9.14286,4.57143,0.0576592,0.971371,0.268655,0.989718
gpt2,value,polarQuant,4,64,960,4.5,7.11111,3.55556,0.0142689,0.992888,0.120335,0.991884
gpt2,value,polarQuant,5,64,960,5.5,5.81818,2.90909,0.00358326,0.998214,0.058223,1.00268
gpt2,value,polarQuant,6,64,960,6.5,4.92308,2.46154,0.000872254,0.999565,0.0310797,0.999404
gpt2,value,polarQuant,7,64,960,7.5,4.26667,2.13333,0.000219561,0.99989,0.0157825,1.00026
gpt2,value,polarQuant,8,64,960,8.5,3.76471,1.88235,5.56519e-05,0.999972,0.00782127,1.00056