model,config,bits_per_coord,ratio_vs_fp16,kl_mean,kl_median,kl_p90,top1
gpt2,turbo_b4,4.5,3.556,0.028793567606209356,0.00737790950235691,0.07880427091275359,0.9259259259259259
gpt2,turbo_b3,3.5,4.571,0.10146464672464815,0.030800359604223074,0.2846415246734685,0.8472222222222222
gpt2,kivi_G64_b4,4.5,3.556,0.005783347242515009,0.0029525033750238353,0.014469366124077718,0.96875
gpt2,kivi_G64_b3,3.5,4.571,0.026186550774983705,0.013779535568595111,0.06552282998014729,0.9241898148148148
gpt2,mlx_b4,4.5,3.556,0.031500932149990675,0.009157636840190636,0.09198764155795432,0.921875
gpt2,mlx_b8,8.5,1.882,0.00011192223922415503,3.1799105574529586e-05,0.00033251691402687533,0.9965277777777778
gpt2,q4_0,4.5,3.556,0.027259574118861617,0.009057684268373545,0.0751134661463004,0.9317129629629629
gpt2,q8_0,8.5,1.882,0.00011463955993846803,3.223390624276189e-05,0.00032639111883615125,0.9965277777777778
gpt2,turbo_split_b4,4.5,3.556,0.048317664841400015,0.01027478957793314,0.13380206236945708,0.9010416666666666
gpt2,turbo_split_b3,3.5,4.571,0.14913675773392812,0.03757320103073425,0.39420580028307933,0.84375
gpt2,kivi_causal_residual_b3,3.5,4.571,0.006919000658173101,0.0033453294362436226,0.01745631696082077,0.9809027777777778
gpt2,kivi_causal_reencode_b3,3.5,4.571,0.01861266214462724,0.010860329657201455,0.04131505574730783,0.9380787037037037
gpt2,kivi_causal_residual_b4,4.5,3.556,0.001392388738729116,0.0006448432370995229,0.0036028801475866596,0.9936342592592593
gpt2,kivi_causal_reencode_b4,4.5,3.556,0.00393046749156743,0.0022800473092057815,0.009260017842098263,0.9722222222222222
Qwen/Qwen2.5-0.5B,turbo_b4,4.5,3.556,2.2722706658809293,0.03975507527864401,0.37089792885034467,0.8012979497354498
Qwen/Qwen2.5-0.5B,turbo_b3,3.5,4.571,4.1573015163525,0.146880084015857,1.2000877899301399,0.7022982804232805
Qwen/Qwen2.5-0.5B,kivi_G64_b4,4.5,3.556,0.011058848180895597,0.00805577916761288,0.02182404592713163,0.9379133597883598
Qwen/Qwen2.5-0.5B,kivi_G64_b3,3.5,4.571,0.050614955922767095,0.037124209778084005,0.10037766229635327,0.8680968915343915
Qwen/Qwen2.5-0.5B,mlx_b4,4.5,3.556,1.8683640582602876,0.05411627399135103,0.7298499699565497,0.775338955026455
Qwen/Qwen2.5-0.5B,mlx_b8,8.5,1.882,0.0902208802313073,0.00018677229810837087,0.0026655140525167695,0.9538690476190477
Qwen/Qwen2.5-0.5B,q4_0,4.5,3.556,0.9798383007265271,0.04525156593317274,0.5311339772715967,0.8013392857142857
Qwen/Qwen2.5-0.5B,q8_0,8.5,1.882,0.02577161229430031,0.00016720290579877009,0.0025363860188992973,0.9584986772486772
Qwen/Qwen2.5-0.5B,turbo_split_b4,4.5,3.556,0.7993332960608556,0.03896991814777278,0.29505777724256055,0.8115492724867724
Qwen/Qwen2.5-0.5B,turbo_split_b3,3.5,4.571,1.7398548598635224,0.1443292292383939,0.7542942632664575,0.7156084656084656
Qwen/Qwen2.5-0.5B,kivi_causal_residual_b3,3.5,4.571,0.01906601591970085,0.00939911314706016,0.048045328816153615,0.9438244047619048
Qwen/Qwen2.5-0.5B,kivi_causal_reencode_b3,3.5,4.571,0.04232483116070458,0.031098665766904857,0.08481019614998518,0.8804563492063492
Qwen/Qwen2.5-0.5B,kivi_causal_residual_b4,4.5,3.556,0.004171830187079541,0.0019563291900937694,0.010395459276234151,0.9745370370370371
Qwen/Qwen2.5-0.5B,kivi_causal_reencode_b4,4.5,3.556,0.009175999428223948,0.0067295432464654185,0.018469739726589097,0.943411044973545
