model,config,bits_per_coord,ratio_vs_fp16,kl_mean,kl_median,kl_p90,top1,kl_pos1-15,top1_pos1-15,kl_pos16-63,top1_pos16-63,kl_pos64-end,top1_pos64-end
Qwen/Qwen2.5-1.5B,turbo_b3,3.25,4.923,0.7841532763908322,0.0622262075924232,0.23335020837932438,0.8131200396825397,0.561140366310511,0.8790726817042607,0.5748984889055075,0.8181626632954067,0.8597304094941118,0.8058823529411765
Qwen/Qwen2.5-1.5B,turbo_b4,4.25,3.765,0.5941666170080936,0.016599634400670832,0.06475822684565599,0.8845899470899471,0.35432191875176167,0.9354636591478697,0.6020718475023995,0.8893805309734514,0.6135096934501737,0.8787675070028012
Qwen/Qwen2.5-1.5B,turbo_b5,5.25,3.048,0.2777260004445282,0.004317211359077981,0.017192790878838994,0.9251818783068783,0.16954765517735876,0.9511278195488722,0.2995699943230506,0.9252001685630005,0.2815904847077738,0.9228571428571428
Qwen/Qwen2.5-1.5B,naive_rtn_b3,3.5,4.571,1.4047062027836934,0.19165442147953332,0.8290964486450362,0.69932208994709,1.1415981348026687,0.8126566416040101,1.2147933656982441,0.7174462705436156,1.4787256314282455,0.6843697478991596
Qwen/Qwen2.5-1.5B,rotate_rtn_b3,3.5,4.571,0.9893717869585752,0.08276831091767445,0.31066430628740377,0.7936094576719577,0.6747591856940225,0.8659147869674185,0.8779221758330619,0.8025705857564265,1.0471343396767776,0.7847619047619048
Qwen/Qwen2.5-1.5B,naive_rtn_b4,4.5,3.556,0.5696407359457386,0.039868765326768,0.19492354930209424,0.8327546296296297,0.5915185201310297,0.8872180451127819,0.5487811877724796,0.842393594605984,0.5732307904034734,0.8253221288515407
Qwen/Qwen2.5-1.5B,rotate_rtn_b4,4.5,3.556,0.5529019630067373,0.017881917026336753,0.0694280818114956,0.8801256613756614,0.29678099760706456,0.9235588972431078,0.6055622123915215,0.883480825958702,0.5618007594884008,0.8753501400560224
Qwen/Qwen2.5-1.5B,kivi_G64_b2,2.375,6.737,0.20602525885793574,0.15223189155157774,0.4107922972963339,0.7705853174603174,0.14091776754754115,0.8132832080200502,0.24807118789345523,0.7368310155920775,0.20066736400800936,0.7757422969187675
Qwen/Qwen2.5-1.5B,kivi_G64_b3,3.375,4.741,0.03717896808319549,0.02737804559157327,0.0733871937695693,0.9027777777777778,0.029274318419150007,0.9229323308270677,0.04344204302726368,0.8919089759797725,0.036220495656263785,0.9038655462184874
Qwen/Qwen2.5-1.5B,kivi_G64_b4,4.375,3.657,0.00821989620202466,0.00581157399102067,0.01595229744420061,0.9513888888888888,0.006796748773322588,0.9630325814536341,0.009558516603730912,0.944795617361989,0.00799122678296083,0.9521008403361344
Qwen/Qwen2.5-1.5B,kivi_K2_turboV2,2.375,6.737,0.20602525885793574,0.15223189155157774,0.4107922972963339,0.7705853174603174,0.14091776754754115,0.8132832080200502,0.24807118789345523,0.7368310155920775,0.20066736400800936,0.7757422969187675
Qwen/Qwen2.5-1.5B,kivi_K3_turboV3,3.375,4.741,0.03717896808319549,0.02737804559157327,0.0733871937695693,0.9027777777777778,0.029274318419150007,0.9229323308270677,0.04344204302726368,0.8919089759797725,0.036220495656263785,0.9038655462184874
Qwen/Qwen2.5-1.5B,kivi_K4_turboV4,4.375,3.657,0.00821989620202466,0.00581157399102067,0.01595229744420061,0.9513888888888888,0.006796748773322588,0.9630325814536341,0.009558516603730912,0.944795617361989,0.00799122678296083,0.9521008403361344
Qwen/Qwen2.5-1.5B,centred_turbo_b2,2.25,7.111,0.2056586976462565,0.14697151984889317,0.4259080957979563,0.7593832671957672,0.0849050144091018,0.8659147869674185,0.1480654732004592,0.7975136957437843,0.23176851958834357,0.7397198879551821
Qwen/Qwen2.5-1.5B,centred_turbo_b3,3.25,4.923,0.05944212512553834,0.03881298801608872,0.1274431617556431,0.8715277777777778,0.028342745122984372,0.9229323308270677,0.04470705101555392,0.8906447534766119,0.0661405717479508,0.8618487394957983
Qwen/Qwen2.5-1.5B,centred_turbo_b4,4.25,3.765,0.01684843885319621,0.010441268737608065,0.03382516976034885,0.9262152777777778,0.0064702936884577286,0.9636591478696742,0.012270003323837701,0.9420564686051411,0.018993692338084615,0.9186554621848739
