model,method,bits,kv_mode,sink_fp16,bits_per_coord,ratio_vs_fp16,out_rel_err,out_err_vnorm,logit_rmse,logit_std,kl,top1_agree,score_slope,sink_mass,n_queries
gpt2,fp16,16,both,0,16.0,1.0,1.701763883494454e-07,3.200577540657884e-08,0.0010452730884790548,7.630822332631577,1.7860125454085893e-07,1.0,1.0000000431314409,0.42999301941014456,1728
gpt2,naive_rtn,2,both,0,3.0,5.3333,1.0879307538782328,0.13500145893207596,1.8963817367998916,7.630822332631577,0.615100560972203,0.6846064814814815,1.0118102132036864,0.42999301941014456,1728
gpt2,naive_rtn,2,both,1,3.0,5.3333,1.1925444269882794,0.13830184262673914,1.8952677273935257,7.630822332631577,0.6187690242049534,0.6684027777777778,1.011768635477353,0.42999301941014456,1728
gpt2,naive_rtn,2,keys_only,0,3.0,5.3333,0.7471476570774102,0.0858134193453158,1.8963817367998916,7.630822332631577,0.615100560972203,0.6846064814814815,1.0118102132036864,0.42999301941014456,1728
gpt2,naive_rtn,2,keys_only,1,3.0,5.3333,0.874287209761542,0.09125072207890098,1.8952677273935257,7.630822332631577,0.6187690242049534,0.6684027777777778,1.011768635477353,0.42999301941014456,1728
gpt2,naive_rtn,2,values_only,0,3.0,5.3333,0.15718726140314432,0.028416088503370265,0.0,7.630822332631577,0.0,1.0,1.0,0.42999301941014456,1728
gpt2,naive_rtn,2,values_only,1,3.0,5.3333,0.08170389671002141,0.023084454434786468,2.7790880246434553e-05,7.630822332631577,6.547708174757264e-09,1.0,1.00000000414528,0.42999301941014456,1728
gpt2,rotate_rtn,2,both,0,3.0,5.3333,0.741289479980543,0.11087006522886943,1.7180551997890228,7.630822332631577,0.5554594241159202,0.7100694444444444,1.016271104163829,0.42999301941014456,1728
gpt2,rotate_rtn,2,both,1,3.0,5.3333,0.6936060803896259,0.11294913333203799,1.7169996021932061,7.630822332631577,0.5482265783892553,0.7100694444444444,1.016274342855856,0.42999301941014456,1728
gpt2,rotate_rtn,2,keys_only,0,3.0,5.3333,0.5341963112920213,0.07740161171644659,1.7180551997890228,7.630822332631577,0.5554594241159202,0.7100694444444444,1.016271104163829,0.42999301941014456,1728
gpt2,rotate_rtn,2,keys_only,1,3.0,5.3333,0.5090319515653597,0.07921018419717296,1.7169996021932061,7.630822332631577,0.5482265783892553,0.7100694444444444,1.016274342855856,0.42999301941014456,1728
gpt2,rotate_rtn,2,values_only,0,3.0,5.3333,0.08904385584482792,0.017783692667373317,0.0,7.630822332631577,0.0,1.0,1.0,0.42999301941014456,1728
gpt2,rotate_rtn,2,values_only,1,3.0,5.3333,0.060993898075975855,0.016581089233796444,2.7790880246434553e-05,7.630822332631577,6.547708174757264e-09,1.0,1.00000000414528,0.42999301941014456,1728
gpt2,turboQuant,2,both,0,2.5,6.4,0.384023578814607,0.052222044960015424,1.760163784037265,7.630822332631577,0.30729027821622623,0.7494212962962963,0.8774265752331574,0.42999301941014456,1728
gpt2,turboQuant,2,both,1,2.5,6.4,0.3047199604258201,0.04879602642187581,1.75941130944567,7.630822332631577,0.2691537385444305,0.7714120370370371,0.8774879029842555,0.42999301941014456,1728
gpt2,turboQuant,2,keys_only,0,2.5,6.4,0.39392374512449785,0.047078095641077934,1.760163784037265,7.630822332631577,0.30729027821622623,0.7494212962962963,0.8774265752331574,0.42999301941014456,1728
gpt2,turboQuant,2,keys_only,1,2.5,6.4,0.31082826578670963,0.0435400287793707,1.75941130944567,7.630822332631577,0.2691537385444305,0.7714120370370371,0.8774879029842555,0.42999301941014456,1728
gpt2,turboQuant,2,values_only,0,2.5,6.4,0.05711364939721981,0.011223247559883022,0.0,7.630822332631577,0.0,1.0,1.0,0.42999301941014456,1728
gpt2,turboQuant,2,values_only,1,2.5,6.4,0.04074022087606021,0.010422364939286317,2.7790880246434553e-05,7.630822332631577,6.547708174757264e-09,1.0,1.00000000414528,0.42999301941014456,1728
gpt2,polarQuant,2,both,0,2.5,6.4,0.7748737172644949,0.0934380080765669,1.8976930261708231,7.630822332631577,0.5504819503776096,0.6724537037037037,0.9254875777065581,0.42999301941014456,1728
gpt2,polarQuant,2,both,1,2.5,6.4,0.6528505500163655,0.08954789354643257,1.8967638565772138,7.630822332631577,0.5268784538776461,0.6869212962962963,0.9255536159825148,0.42999301941014456,1728
gpt2,polarQuant,2,keys_only,0,2.5,6.4,0.6503087162548747,0.06864727862171577,1.8976930261708231,7.630822332631577,0.5504819503776096,0.6724537037037037,0.9254875777065581,0.42999301941014456,1728
gpt2,polarQuant,2,keys_only,1,2.5,6.4,0.5590706148013905,0.06709554048044708,1.8967638565772138,7.630822332631577,0.5268784538776461,0.6869212962962963,0.9255536159825148,0.42999301941014456,1728
gpt2,polarQuant,2,values_only,0,2.5,6.4,0.13898738809328176,0.027049310504148737,0.0,7.630822332631577,0.0,1.0,1.0,0.42999301941014456,1728
gpt2,polarQuant,2,values_only,1,2.5,6.4,0.08593098338529756,0.023322675670991045,2.7790880246434553e-05,7.630822332631577,6.547708174757264e-09,1.0,1.00000000414528,0.42999301941014456,1728
gpt2,naive_rtn,3,both,0,4.0,4.0,0.209399361070895,0.031815383486286375,0.8063285077349138,7.630822332631577,0.1451923167533541,0.8263888888888888,0.9988988642793417,0.42999301941014456,1728
gpt2,naive_rtn,3,both,1,4.0,4.0,0.17741291490800984,0.03009880294154126,0.8057826340186792,7.630822332631577,0.13961476683504442,0.8321759259259259,0.9988983005846338,0.42999301941014456,1728
gpt2,naive_rtn,3,keys_only,0,4.0,4.0,0.16290868544194248,0.02452324213172847,0.8063285077349138,7.630822332631577,0.1451923167533541,0.8263888888888888,0.9988988642793417,0.42999301941014456,1728
gpt2,naive_rtn,3,keys_only,1,4.0,4.0,0.15160748455053472,0.024230599928306434,0.8057826340186792,7.630822332631577,0.13961476683504442,0.8321759259259259,0.9988983005846338,0.42999301941014456,1728
gpt2,naive_rtn,3,values_only,0,4.0,4.0,0.037471060942913144,0.005841116480941797,0.0,7.630822332631577,0.0,1.0,1.0,0.42999301941014456,1728
gpt2,naive_rtn,3,values_only,1,4.0,4.0,0.01413421012227457,0.0040059875251537555,2.7790880246434553e-05,7.630822332631577,6.547708174757264e-09,1.0,1.00000000414528,0.42999301941014456,1728
gpt2,rotate_rtn,3,both,0,4.0,4.0,0.13578951290569052,0.026045729565547373,0.7154896971855107,7.630822332631577,0.12673097617845502,0.8391203703703703,1.0010747877999076,0.42999301941014456,1728
gpt2,rotate_rtn,3,both,1,4.0,4.0,0.12311812561724571,0.024920150051061695,0.7152014379236762,7.630822332631577,0.12120186787026387,0.8472222222222222,1.0010762195726919,0.42999301941014456,1728
gpt2,rotate_rtn,3,keys_only,0,4.0,4.0,0.11348490228654703,0.021810898241675276,0.7154896971855107,7.630822332631577,0.12673097617845502,0.8391203703703703,1.0010747877999076,0.42999301941014456,1728
gpt2,rotate_rtn,3,keys_only,1,4.0,4.0,0.10602916499435305,0.020918014863689254,0.7152014379236762,7.630822332631577,0.12120186787026387,0.8472222222222222,1.0010762195726919,0.42999301941014456,1728
gpt2,rotate_rtn,3,values_only,0,4.0,4.0,0.015810947321928077,0.003201663596055862,0.0,7.630822332631577,0.0,1.0,1.0,0.42999301941014456,1728
gpt2,rotate_rtn,3,values_only,1,4.0,4.0,0.010845676116346917,0.0029894299356132146,2.7790880246434553e-05,7.630822332631577,6.547708174757264e-09,1.0,1.00000000414528,0.42999301941014456,1728
gpt2,turboQuant,3,both,0,3.5,4.5714,0.10059226027768119,0.01814111418113787,0.8255601891715839,7.630822332631577,0.10146464672464821,0.8472222222222222,0.9598098038177681,0.42999301941014456,1728
gpt2,turboQuant,3,both,1,3.5,4.5714,0.09335413674835111,0.017615479453723108,0.8252565056683143,7.630822332631577,0.09495893439911826,0.8489583333333334,0.9598227220515896,0.42999301941014456,1728
gpt2,turboQuant,3,keys_only,0,3.5,4.5714,0.08943125801652009,0.015537839403038005,0.8255601891715839,7.630822332631577,0.10146464672464821,0.8472222222222222,0.9598098038177681,0.42999301941014456,1728
gpt2,turboQuant,3,keys_only,1,3.5,4.5714,0.08667342330230027,0.015261191918711435,0.8252565056683143,7.630822332631577,0.09495893439911826,0.8489583333333334,0.9598227220515896,0.42999301941014456,1728
gpt2,turboQuant,3,values_only,0,3.5,4.5714,0.015514367908717826,0.0030792819730960934,0.0,7.630822332631577,0.0,1.0,1.0,0.42999301941014456,1728
gpt2,turboQuant,3,values_only,1,3.5,4.5714,0.010603929391479432,0.0028389204621876254,2.7790880246434553e-05,7.630822332631577,6.547708174757264e-09,1.0,1.00000000414528,0.42999301941014456,1728
gpt2,polarQuant,3,both,0,3.5,4.5714,0.18296552575026942,0.031866271634718814,0.867491446303442,7.630822332631577,0.1629388838502193,0.8182870370370371,0.9830830759610734,0.42999301941014456,1728
gpt2,polarQuant,3,both,1,3.5,4.5714,0.16049137778553296,0.031030773348507516,0.8671684069065949,7.630822332631577,0.1563492893463297,0.8206018518518519,0.9830940180526889,0.42999301941014456,1728
gpt2,polarQuant,3,keys_only,0,3.5,4.5714,0.15647467564668688,0.026645093297082773,0.867491446303442,7.630822332631577,0.1629388838502193,0.8182870370370371,0.9830830759610734,0.42999301941014456,1728
gpt2,polarQuant,3,keys_only,1,3.5,4.5714,0.14225327796309742,0.026137097083621903,0.8671684069065949,7.630822332631577,0.1563492893463297,0.8206018518518519,0.9830940180526889,0.42999301941014456,1728
gpt2,polarQuant,3,values_only,0,3.5,4.5714,0.02779943393436847,0.0053436056474975464,0.0,7.630822332631577,0.0,1.0,1.0,0.42999301941014456,1728
gpt2,polarQuant,3,values_only,1,3.5,4.5714,0.018015447076737787,0.004918441455755625,2.7790880246434553e-05,7.630822332631577,6.547708174757264e-09,1.0,1.00000000414528,0.42999301941014456,1728
gpt2,naive_rtn,4,both,0,5.0,3.2,0.03732374850164167,0.006683793146073476,0.37571839455114514,7.630822332631577,0.03155213297427698,0.9230324074074074,1.0014987772389348,0.42999301941014456,1728
gpt2,naive_rtn,4,both,1,5.0,3.2,0.031467144594579645,0.006374753096179512,0.3754818276537297,7.630822332631577,0.030219783645812057,0.9253472222222222,1.0014962509367957,0.42999301941014456,1728
gpt2,naive_rtn,4,keys_only,0,5.0,3.2,0.02911247304034616,0.005426789182318218,0.37571839455114514,7.630822332631577,0.03155213297427698,0.9230324074074074,1.0014987772389348,0.42999301941014456,1728
gpt2,naive_rtn,4,keys_only,1,5.0,3.2,0.028039973272468734,0.00546367327699236,0.3754818276537297,7.630822332631577,0.030219783645812057,0.9253472222222222,1.0014962509367957,0.42999301941014456,1728
gpt2,naive_rtn,4,values_only,0,5.0,3.2,0.007947929900550401,0.0012347924928981973,0.0,7.630822332631577,0.0,1.0,1.0,0.42999301941014456,1728
gpt2,naive_rtn,4,values_only,1,5.0,3.2,0.0030457623521873665,0.0008618033015971247,2.7790880246434553e-05,7.630822332631577,6.547708174757264e-09,1.0,1.00000000414528,0.42999301941014456,1728
gpt2,rotate_rtn,4,both,0,5.0,3.2,0.027482083185689316,0.005945515446168138,0.3340638938105671,7.630822332631577,0.028039232667816563,0.9230324074074074,0.9998886378957402,0.42999301941014456,1728
gpt2,rotate_rtn,4,both,1,5.0,3.2,0.025298762265985205,0.005822307753890931,0.33389674380410156,7.630822332631577,0.027410614228272463,0.9259259259259259,0.9998871832695284,0.42999301941014456,1728
gpt2,rotate_rtn,4,keys_only,0,5.0,3.2,0.023753224933222114,0.005209945580434781,0.3340638938105671,7.630822332631577,0.028039232667816563,0.9230324074074074,0.9998886378957402,0.42999301941014456,1728
gpt2,rotate_rtn,4,keys_only,1,5.0,3.2,0.022698834007151076,0.005136343557429764,0.33389674380410156,7.630822332631577,0.027410614228272463,0.9259259259259259,0.9998871832695284,0.42999301941014456,1728
gpt2,rotate_rtn,4,values_only,0,5.0,3.2,0.0034633047463320105,0.0006932536220718584,0.0,7.630822332631577,0.0,1.0,1.0,0.42999301941014456,1728
gpt2,rotate_rtn,4,values_only,1,5.0,3.2,0.0023605804621034585,0.0006452969744808212,2.7790880246434553e-05,7.630822332631577,6.547708174757264e-09,1.0,1.00000000414528,0.42999301941014456,1728
gpt2,turboQuant,4,both,0,4.5,3.5556,0.027207461117126543,0.006001327538050381,0.4125552383482748,7.630822332631577,0.02879356760620935,0.9259259259259259,0.9885542165212108,0.42999301941014456,1728
gpt2,turboQuant,4,both,1,4.5,3.5556,0.024659733527409602,0.005776002982319287,0.41243194052772175,7.630822332631577,0.027560675950332528,0.9328703703703703,0.9885581611705262,0.42999301941014456,1728
gpt2,turboQuant,4,keys_only,0,4.5,3.5556,0.023316468269803405,0.0051967675786211975,0.4125552383482748,7.630822332631577,0.02879356760620935,0.9259259259259259,0.9885542165212108,0.42999301941014456,1728
gpt2,turboQuant,4,keys_only,1,4.5,3.5556,0.022157158569211657,0.005036360368559605,0.41243194052772175,7.630822332631577,0.027560675950332528,0.9328703703703703,0.9885581611705262,0.42999301941014456,1728
gpt2,turboQuant,4,values_only,0,4.5,3.5556,0.004289433957710951,0.0008275412477113042,0.0,7.630822332631577,0.0,1.0,1.0,0.42999301941014456,1728
gpt2,turboQuant,4,values_only,1,4.5,3.5556,0.002762292020039866,0.0007474935183505554,2.7790880246434553e-05,7.630822332631577,6.547708174757264e-09,1.0,1.00000000414528,0.42999301941014456,1728
gpt2,polarQuant,4,both,0,4.5,3.5556,0.04481664606742857,0.009135714166519038,0.4371777413247482,7.630822332631577,0.04567711045984081,0.9039351851851852,0.9920281756613082,0.42999301941014456,1728
gpt2,polarQuant,4,both,1,4.5,3.5556,0.04116118827588077,0.008934613604958067,0.4368233410979644,7.630822332631577,0.043758293038172864,0.9039351851851852,0.9920398421911654,0.42999301941014456,1728
gpt2,polarQuant,4,keys_only,0,4.5,3.5556,0.03831689369295921,0.007879275217083858,0.4371777413247482,7.630822332631577,0.04567711045984081,0.9039351851851852,0.9920281756613082,0.42999301941014456,1728
gpt2,polarQuant,4,keys_only,1,4.5,3.5556,0.03697760892781911,0.007780459639010823,0.4368233410979644,7.630822332631577,0.043758293038172864,0.9039351851851852,0.9920398421911654,0.42999301941014456,1728
gpt2,polarQuant,4,values_only,0,4.5,3.5556,0.006485602814960575,0.0012716820691385676,0.0,7.630822332631577,0.0,1.0,1.0,0.42999301941014456,1728
gpt2,polarQuant,4,values_only,1,4.5,3.5556,0.004248836641072648,0.001167427223339283,2.7790880246434553e-05,7.630822332631577,6.547708174757264e-09,1.0,1.00000000414528,0.42999301941014456,1728
gpt2,naive_rtn,8,both,0,9.0,1.7778,0.00012057775168990877,2.4377838154124763e-05,0.02211938553938549,7.630822332631577,0.00011572572157542625,0.9959490740740741,0.9999943900974341,0.42999301941014456,1728
gpt2,naive_rtn,8,both,1,9.0,1.7778,0.0001008319503519973,2.283339564191295e-05,0.02210726029897285,7.630822332631577,0.00011088734179706187,0.9959490740740741,0.9999944943690313,0.42999301941014456,1728
gpt2,naive_rtn,8,keys_only,0,9.0,1.7778,9.654309436764894e-05,2.061121601192227e-05,0.02211938553938549,7.630822332631577,0.00011572572157542625,0.9959490740740741,0.9999943900974341,0.42999301941014456,1728
gpt2,naive_rtn,8,keys_only,1,9.0,1.7778,9.083383981277522e-05,2.008876179411191e-05,0.02210726029897285,7.630822332631577,0.00011088734179706187,0.9959490740740741,0.9999944943690313,0.42999301941014456,1728
gpt2,naive_rtn,8,values_only,0,9.0,1.7778,2.4467282069200406e-05,3.910555368463502e-06,0.0,7.630822332631577,0.0,1.0,1.0,0.42999301941014456,1728
gpt2,naive_rtn,8,values_only,1,9.0,1.7778,1.034047609229836e-05,2.8734003395564913e-06,2.7790880246434553e-05,7.630822332631577,6.547708174757264e-09,1.0,1.00000000414528,0.42999301941014456,1728
gpt2,rotate_rtn,8,both,0,9.0,1.7778,9.357602352180209e-05,2.1414882363050144e-05,0.019915174639158786,7.630822332631577,0.00010684974600538592,0.9959490740740741,0.999995323553978,0.42999301941014456,1728
gpt2,rotate_rtn,8,both,1,9.0,1.7778,8.72054503689044e-05,2.0922454620622893e-05,0.019908239235664423,7.630822332631577,0.00010428155999788938,0.9959490740740741,0.9999955105965831,0.42999301941014456,1728
gpt2,rotate_rtn,8,keys_only,0,9.0,1.7778,8.179935796132864e-05,1.9030722162854238e-05,0.019915174639158786,7.630822332631577,0.00010684974600538592,0.9959490740740741,0.999995323553978,0.42999301941014456,1728
gpt2,rotate_rtn,8,keys_only,1,9.0,1.7778,7.916211222754425e-05,1.8716251771000897e-05,0.019908239235664423,7.630822332631577,0.00010428155999788938,0.9959490740740741,0.9999955105965831,0.42999301941014456,1728
gpt2,rotate_rtn,8,values_only,0,9.0,1.7778,1.1742804215845042e-05,2.3537856058312925e-06,0.0,7.630822332631577,0.0,1.0,1.0,0.42999301941014456,1728
gpt2,rotate_rtn,8,values_only,1,9.0,1.7778,8.112772030849089e-06,2.1868661909721763e-06,2.7790880246434553e-05,7.630822332631577,6.547708174757264e-09,1.0,1.00000000414528,0.42999301941014456,1728
gpt2,turboQuant,8,both,0,8.5,1.8824,0.00012631471078195574,2.764670299305209e-05,0.025741005856755712,7.630822332631577,0.0001407526421556327,0.9942129629629629,0.9999539703195001,0.42999301941014456,1728
gpt2,turboQuant,8,both,1,8.5,1.8824,0.00011235030434887841,2.6179025844020654e-05,0.025729338027376283,7.630822332631577,0.00013464284337967225,0.9947916666666666,0.9999541620979013,0.42999301941014456,1728
gpt2,turboQuant,8,keys_only,0,8.5,1.8824,0.00010770674455074418,2.4026842094368717e-05,0.025741005856755712,7.630822332631577,0.0001407526421556327,0.9942129629629629,0.9999539703195001,0.42999301941014456,1728
gpt2,turboQuant,8,keys_only,1,8.5,1.8824,0.00010033458750635016,2.294953974260897e-05,0.025729338027376283,7.630822332631577,0.00013464284337967225,0.9947916666666666,0.9999541620979013,0.42999301941014456,1728
gpt2,turboQuant,8,values_only,0,8.5,1.8824,1.807034454405449e-05,3.4866377068479655e-06,0.0,7.630822332631577,0.0,1.0,1.0,0.42999301941014456,1728
gpt2,turboQuant,8,values_only,1,8.5,1.8824,1.1690594283317225e-05,3.1253471749528517e-06,2.7790880246434553e-05,7.630822332631577,6.547708174757264e-09,1.0,1.00000000414528,0.42999301941014456,1728
gpt2,polarQuant,8,both,0,8.5,1.8824,0.00017915507773609964,4.0425823046553024e-05,0.026333003028798208,7.630822332631577,0.00019692143955660145,0.9947916666666666,0.9999314901473488,0.42999301941014456,1728
gpt2,polarQuant,8,both,1,8.5,1.8824,0.00016381241904288985,3.904244265844249e-05,0.026316176970976227,7.630822332631577,0.00019010609636731205,0.9947916666666666,0.9999313400904699,0.42999301941014456,1728
gpt2,polarQuant,8,keys_only,0,8.5,1.8824,0.00015394543006604563,3.5750416802378915e-05,0.026333003028798208,7.630822332631577,0.00019692143955660145,0.9947916666666666,0.9999314901473488,0.42999301941014456,1728
gpt2,polarQuant,8,keys_only,1,8.5,1.8824,0.0001479720423444761,3.480603559169518e-05,0.026316176970976227,7.630822332631577,0.00019010609636731205,0.9947916666666666,0.9999313400904699,0.42999301941014456,1728
gpt2,polarQuant,8,values_only,0,8.5,1.8824,2.574977871631873e-05,4.862531159609126e-06,0.0,7.630822332631577,0.0,1.0,1.0,0.42999301941014456,1728
gpt2,polarQuant,8,values_only,1,8.5,1.8824,1.622090624467367e-05,4.398305334121202e-06,2.7790880246434553e-05,7.630822332631577,6.547708174757264e-09,1.0,1.00000000414528,0.42999301941014456,1728
gpt2,naive_rtn,K4V2,mixed,0,4.0,4.0,0.19444127129357278,0.03531350596243007,0.37571839455114514,7.630822332631577,0.03155213297427698,0.9230324074074074,1.0014987772389348,0.42999301941014456,1728
gpt2,naive_rtn,K4V3,mixed,0,4.5,3.5556,0.06744048175211499,0.011435442224837514,0.37571839455114514,7.630822332631577,0.03155213297427698,0.9230324074074074,1.0014987772389348,0.42999301941014456,1728
gpt2,naive_rtn,K8V2,mixed,0,6.0,2.6667,0.15733493012103372,0.028443549654591855,0.02211938553938549,7.630822332631577,0.00011572572157542625,0.9959490740740741,0.9999943900974341,0.42999301941014456,1728
gpt2,naive_rtn,K8V3,mixed,0,6.5,2.4615,0.037597470241748115,0.005868917614203155,0.02211938553938549,7.630822332631577,0.00011572572157542625,0.9959490740740741,0.9999943900974341,0.42999301941014456,1728
gpt2,naive_rtn,K8V4,mixed,0,7.0,2.2857,0.008046874782033829,0.0012541255687930628,0.02211938553938549,7.630822332631577,0.00011572572157542625,0.9959490740740741,0.9999943900974341,0.42999301941014456,1728
gpt2,rotate_rtn,K4V2,mixed,0,4.0,4.0,0.11916893642476661,0.02406468375396507,0.3340638938105671,7.630822332631577,0.028039232667816563,0.9230324074074074,0.9998886378957402,0.42999301941014456,1728
gpt2,rotate_rtn,K4V3,mixed,0,4.5,3.5556,0.04097319114520394,0.008665657798776297,0.3340638938105671,7.630822332631577,0.028039232667816563,0.9230324074074074,0.9998886378957402,0.42999301941014456,1728
gpt2,rotate_rtn,K8V2,mixed,0,6.0,2.6667,0.08914844215351923,0.017813892247281995,0.019915174639158786,7.630822332631577,0.00010684974600538592,0.9959490740740741,0.999995323553978,0.42999301941014456,1728
gpt2,rotate_rtn,K8V3,mixed,0,6.5,2.4615,0.01589695593568754,0.003219026953367752,0.019915174639158786,7.630822332631577,0.00010684974600538592,0.9959490740740741,0.999995323553978,0.42999301941014456,1728
gpt2,rotate_rtn,K8V4,mixed,0,7.0,2.2857,0.0035437616424247526,0.0007133442510730418,0.019915174639158786,7.630822332631577,0.00010684974600538592,0.9959490740740741,0.999995323553978,0.42999301941014456,1728
gpt2,turboQuant,K4V2,mixed,0,3.5,4.5714,0.07634097318800918,0.01582052340455603,0.4125552383482748,7.630822332631577,0.02879356760620935,0.9259259259259259,0.9885542165212108,0.42999301941014456,1728
gpt2,turboQuant,K4V3,mixed,0,4.0,4.0,0.03766877812390115,0.008123218528707536,0.4125552383482748,7.630822332631577,0.02879356760620935,0.9259259259259259,0.9885542165212108,0.42999301941014456,1728
gpt2,turboQuant,K8V2,mixed,0,5.5,2.9091,0.05721805030642049,0.011247410559914125,0.025741005856755712,7.630822332631577,0.0001407526421556327,0.9942129629629629,0.9999539703195001,0.42999301941014456,1728
gpt2,turboQuant,K8V3,mixed,0,6.0,2.6667,0.015609425706390068,0.0030986666662036417,0.025741005856755712,7.630822332631577,0.0001407526421556327,0.9942129629629629,0.9999539703195001,0.42999301941014456,1728
gpt2,turboQuant,K8V4,mixed,0,6.5,2.4615,0.004403159774662538,0.0008499268355855782,0.025741005856755712,7.630822332631577,0.0001407526421556327,0.9942129629629629,0.9999539703195001,0.42999301941014456,1728
gpt2,polarQuant,K4V2,mixed,0,3.5,4.5714,0.17724640139981176,0.03522495995395302,0.4371777413247482,7.630822332631577,0.04567711045984081,0.9039351851851852,0.9920281756613082,0.42999301941014456,1728
gpt2,polarQuant,K4V3,mixed,0,4.0,4.0,0.06612777643415904,0.01323609024495473,0.4371777413247482,7.630822332631577,0.04567711045984081,0.9039351851851852,0.9920281756613082,0.42999301941014456,1728
gpt2,polarQuant,K8V2,mixed,0,5.5,2.9091,0.1392541381674703,0.02710303874856342,0.026333003028798208,7.630822332631577,0.00019692143955660145,0.9947916666666666,0.9999314901473488,0.42999301941014456,1728
gpt2,polarQuant,K8V3,mixed,0,6.0,2.6667,0.027973581926495236,0.005378566026677524,0.026333003028798208,7.630822332631577,0.00019692143955660145,0.9947916666666666,0.9999314901473488,0.42999301941014456,1728
gpt2,polarQuant,K8V4,mixed,0,6.5,2.4615,0.006637713659773249,0.0013077650888897645,0.026333003028798208,7.630822332631577,0.00019692143955660145,0.9947916666666666,0.9999314901473488,0.42999301941014456,1728
Qwen/Qwen2.5-0.5B,fp16,16,both,0,16.0,1.0,2.1697418807544197e-06,3.67704904540503e-07,0.00496858036623749,49.031805342403146,6.336096393500895e-06,0.9985945767195767,1.000001030667102,0.37361227504930283,24192
Qwen/Qwen2.5-0.5B,naive_rtn,2,both,0,3.0,5.3333,11.563716259522185,0.2919648663411342,48.57313639048996,49.031805342403146,11.703259393905487,0.3869460978835979,0.9334436644060011,0.37361227504930283,24192
Qwen/Qwen2.5-0.5B,naive_rtn,2,both,1,3.0,5.3333,11.18700298230763,0.2971490388868924,48.38029046200106,49.031805342403146,12.357357900462656,0.3830191798941799,0.9355255168544556,0.37361227504930283,24192
Qwen/Qwen2.5-0.5B,naive_rtn,2,keys_only,0,3.0,5.3333,9.675622057478504,0.22326766034560064,48.57313639048996,49.031805342403146,11.703259393905487,0.3869460978835979,0.9334436644060011,0.37361227504930283,24192
Qwen/Qwen2.5-0.5B,naive_rtn,2,keys_only,1,3.0,5.3333,9.423140567194526,0.23508992321096134,48.38029046200106,49.031805342403146,12.357357900462656,0.3830191798941799,0.9355255168544556,0.37361227504930283,24192
Qwen/Qwen2.5-0.5B,naive_rtn,2,values_only,0,3.0,5.3333,0.273038883241563,0.04109969338891086,0.0,49.031805342403146,0.0,1.0,1.0,0.37361227504930283,24192
Qwen/Qwen2.5-0.5B,naive_rtn,2,values_only,1,3.0,5.3333,0.11625048529569934,0.03212464404228471,0.00037352857575674857,49.031805342403146,2.701143876601309e-07,0.999834656084656,0.9999999857990229,0.37361227504930283,24192
Qwen/Qwen2.5-0.5B,rotate_rtn,2,both,0,3.0,5.3333,8.028201512124383,0.27302036979780153,38.540388238859336,49.031805342403146,14.094762992984453,0.3995949074074074,1.2004554689379843,0.37361227504930283,24192
Qwen/Qwen2.5-0.5B,rotate_rtn,2,both,1,3.0,5.3333,7.2821594194483525,0.27203916039061216,38.51395466163848,49.031805342403146,14.095657567304064,0.3950892857142857,1.1995752839414218,0.37361227504930283,24192
Qwen/Qwen2.5-0.5B,rotate_rtn,2,keys_only,0,3.0,5.3333,6.739441801999084,0.21251558063619608,38.540388238859336,49.031805342403146,14.094762992984453,0.3995949074074074,1.2004554689379843,0.37361227504930283,24192
Qwen/Qwen2.5-0.5B,rotate_rtn,2,keys_only,1,3.0,5.3333,6.112518490300277,0.2119013861632506,38.51395466163848,49.031805342403146,14.095657567304064,0.3950892857142857,1.1995752839414218,0.37361227504930283,24192
Qwen/Qwen2.5-0.5B,rotate_rtn,2,values_only,0,3.0,5.3333,0.11672995399380942,0.02553040777870268,0.0,49.031805342403146,0.0,1.0,1.0,0.37361227504930283,24192
Qwen/Qwen2.5-0.5B,rotate_rtn,2,values_only,1,3.0,5.3333,0.08174386566005783,0.02396016100382283,0.00037352857575674857,49.031805342403146,2.701143876601309e-07,0.999834656084656,0.9999999857990229,0.37361227504930283,24192
Qwen/Qwen2.5-0.5B,turboQuant,2,both,0,2.5,6.4,2.363188585785532,0.14481187509627869,22.847086372478323,49.031805342403146,7.160317806066281,0.5517113095238095,0.8429406336007071,0.37361227504930283,24192
Qwen/Qwen2.5-0.5B,turboQuant,2,both,1,2.5,6.4,2.127316684409036,0.14368539633826669,22.796308018981073,49.031805342403146,7.099222752066236,0.5577050264550265,0.8442164361753275,0.37361227504930283,24192
Qwen/Qwen2.5-0.5B,turboQuant,2,keys_only,0,2.5,6.4,2.6240283473558494,0.14403538378943298,22.847086372478323,49.031805342403146,7.160317806066281,0.5517113095238095,0.8429406336007071,0.37361227504930283,24192
Qwen/Qwen2.5-0.5B,turboQuant,2,keys_only,1,2.5,6.4,2.3816202422030046,0.1439138099769889,22.796308018981073,49.031805342403146,7.099222752066236,0.5577050264550265,0.8442164361753275,0.37361227504930283,24192
Qwen/Qwen2.5-0.5B,turboQuant,2,values_only,0,2.5,6.4,0.08480526666504473,0.01699481211886552,0.0,49.031805342403146,0.0,1.0,1.0,0.37361227504930283,24192
Qwen/Qwen2.5-0.5B,turboQuant,2,values_only,1,2.5,6.4,0.05445426796906199,0.014923715880082587,0.00037352857575674857,49.031805342403146,2.701143876601309e-07,0.999834656084656,0.9999999857990229,0.37361227504930283,24192
Qwen/Qwen2.5-0.5B,polarQuant,2,both,0,2.5,6.4,12.343785095604424,0.27874379420749745,22.34441722987738,49.031805342403146,8.463059852352568,0.3098544973544973,0.9390927765353058,0.37361227504930283,24192
Qwen/Qwen2.5-0.5B,polarQuant,2,both,1,2.5,6.4,8.745244674860071,0.2582153394494132,22.192355831101835,49.031805342403146,8.42869908343239,0.37549603174603174,0.937552319256792,0.37361227504930283,24192
Qwen/Qwen2.5-0.5B,polarQuant,2,keys_only,0,2.5,6.4,12.168474808985822,0.24710880113207642,22.34441722987738,49.031805342403146,8.463059852352568,0.3098544973544973,0.9390927765353058,0.37361227504930283,24192
Qwen/Qwen2.5-0.5B,polarQuant,2,keys_only,1,2.5,6.4,8.60741175831867,0.23056396638673654,22.192355831101835,49.031805342403146,8.42869908343239,0.37549603174603174,0.937552319256792,0.37361227504930283,24192
Qwen/Qwen2.5-0.5B,polarQuant,2,values_only,0,2.5,6.4,0.21482594994316082,0.03778356302234012,0.0,49.031805342403146,0.0,1.0,1.0,0.37361227504930283,24192
Qwen/Qwen2.5-0.5B,polarQuant,2,values_only,1,2.5,6.4,0.11127992948553642,0.031137303408511518,0.00037352857575674857,49.031805342403146,2.701143876601309e-07,0.999834656084656,0.9999999857990229,0.37361227504930283,24192
Qwen/Qwen2.5-0.5B,naive_rtn,3,both,0,4.0,4.0,0.8467246621713277,0.10111073378596341,19.22521747575296,49.031805342403146,5.143595746551334,0.6359953703703703,0.9408612813093266,0.37361227504930283,24192
Qwen/Qwen2.5-0.5B,naive_rtn,3,both,1,4.0,4.0,0.8883571477557661,0.10622399734034219,19.14802904361978,49.031805342403146,5.350797796180022,0.6314897486772487,0.9417199618104578,0.37361227504930283,24192
Qwen/Qwen2.5-0.5B,naive_rtn,3,keys_only,0,4.0,4.0,0.7614098872891408,0.09104301430401571,19.22521747575296,49.031805342403146,5.143595746551334,0.6359953703703703,0.9408612813093266,0.37361227504930283,24192
Qwen/Qwen2.5-0.5B,naive_rtn,3,keys_only,1,4.0,4.0,0.8310173178272654,0.09801912329073643,19.14802904361978,49.031805342403146,5.350797796180022,0.6314897486772487,0.9417199618104578,0.37361227504930283,24192
Qwen/Qwen2.5-0.5B,naive_rtn,3,values_only,0,4.0,4.0,0.0505856898310049,0.007544244478228602,0.0,49.031805342403146,0.0,1.0,1.0,0.37361227504930283,24192
Qwen/Qwen2.5-0.5B,naive_rtn,3,values_only,1,4.0,4.0,0.020252242719427757,0.005695271450945621,0.00037352857575674857,49.031805342403146,2.701143876601309e-07,0.999834656084656,0.9999999857990229,0.37361227504930283,24192
Qwen/Qwen2.5-0.5B,rotate_rtn,3,both,0,4.0,4.0,0.9240410239783861,0.10608357571619284,15.963041983445484,49.031805342403146,6.3114385103656,0.6652199074074074,1.0064833485417364,0.37361227504930283,24192
Qwen/Qwen2.5-0.5B,rotate_rtn,3,both,1,4.0,4.0,0.8462442728577457,0.10386153412294308,15.870978145415737,49.031805342403146,6.287766780390264,0.6843171296296297,1.0055098752194838,0.37361227504930283,24192
Qwen/Qwen2.5-0.5B,rotate_rtn,3,keys_only,0,4.0,4.0,0.869686898381453,0.09829970153268248,15.963041983445484,49.031805342403146,6.3114385103656,0.6652199074074074,1.0064833485417364,0.37361227504930283,24192
Qwen/Qwen2.5-0.5B,rotate_rtn,3,keys_only,1,4.0,4.0,0.7997674312616746,0.0964537932607378,15.870978145415737,49.031805342403146,6.287766780390264,0.6843171296296297,1.0055098752194838,0.37361227504930283,24192
Qwen/Qwen2.5-0.5B,rotate_rtn,3,values_only,0,4.0,4.0,0.021108374820394845,0.004635859733415248,0.0,49.031805342403146,0.0,1.0,1.0,0.37361227504930283,24192
Qwen/Qwen2.5-0.5B,rotate_rtn,3,values_only,1,4.0,4.0,0.014975142737852075,0.004367303326816728,0.00037352857575674857,49.031805342403146,2.701143876601309e-07,0.999834656084656,0.9999999857990229,0.37361227504930283,24192
Qwen/Qwen2.5-0.5B,turboQuant,3,both,0,3.5,4.5714,0.5834843301030784,0.08811286553192245,14.260857175706157,49.031805342403146,4.1573015163525,0.7022982804232805,0.9401680900870385,0.37361227504930283,24192
Qwen/Qwen2.5-0.5B,turboQuant,3,both,1,3.5,4.5714,0.5627188440046893,0.0868955153870883,14.151341760034958,49.031805342403146,4.150392922106934,0.7082919973544973,0.9414378312542747,0.37361227504930283,24192
Qwen/Qwen2.5-0.5B,turboQuant,3,keys_only,0,3.5,4.5714,0.5799370771550789,0.0859971750238525,14.260857175706157,49.031805342403146,4.1573015163525,0.7022982804232805,0.9401680900870385,0.37361227504930283,24192
Qwen/Qwen2.5-0.5B,turboQuant,3,keys_only,1,3.5,4.5714,0.5688879137864419,0.08517468543281284,14.151341760034958,49.031805342403146,4.150392922106934,0.7082919973544973,0.9414378312542747,0.37361227504930283,24192
Qwen/Qwen2.5-0.5B,turboQuant,3,values_only,0,3.5,4.5714,0.023090719635844466,0.004617780698405189,0.0,49.031805342403146,0.0,1.0,1.0,0.37361227504930283,24192
Qwen/Qwen2.5-0.5B,turboQuant,3,values_only,1,3.5,4.5714,0.014405183464550816,0.004109675582934519,0.00037352857575674857,49.031805342403146,2.701143876601309e-07,0.999834656084656,0.9999999857990229,0.37361227504930283,24192
Qwen/Qwen2.5-0.5B,polarQuant,3,both,0,3.5,4.5714,1.191299639854578,0.11652251537888411,13.429388996720135,49.031805342403146,5.152888593557625,0.6439318783068783,0.9655012823303644,0.37361227504930283,24192
Qwen/Qwen2.5-0.5B,polarQuant,3,both,1,3.5,4.5714,1.178462985357679,0.11614561696724769,13.384186659908769,49.031805342403146,5.188766100699357,0.6538938492063492,0.9662553075168657,0.37361227504930283,24192
Qwen/Qwen2.5-0.5B,polarQuant,3,keys_only,0,3.5,4.5714,1.1589458462112305,0.10931547197679306,13.429388996720135,49.031805342403146,5.152888593557625,0.6439318783068783,0.9655012823303644,0.37361227504930283,24192
Qwen/Qwen2.5-0.5B,polarQuant,3,keys_only,1,3.5,4.5714,1.1562489183761238,0.10945458993020396,13.384186659908769,49.031805342403146,5.188766100699357,0.6538938492063492,0.9662553075168657,0.37361227504930283,24192
Qwen/Qwen2.5-0.5B,polarQuant,3,values_only,0,3.5,4.5714,0.03389054775846025,0.007500908928137484,0.0,49.031805342403146,0.0,1.0,1.0,0.37361227504930283,24192
Qwen/Qwen2.5-0.5B,polarQuant,3,values_only,1,3.5,4.5714,0.02424253561593457,0.007035561521008283,0.00037352857575674857,49.031805342403146,2.701143876601309e-07,0.999834656084656,0.9999999857990229,0.37361227504930283,24192
Qwen/Qwen2.5-0.5B,naive_rtn,4,both,0,5.0,3.2,0.3576207909744723,0.05466926172240252,7.3825596297978695,49.031805342403146,1.8686851194810639,0.7756283068783069,0.9531028244768869,0.37361227504930283,24192
Qwen/Qwen2.5-0.5B,naive_rtn,4,both,1,5.0,3.2,0.3547834059075814,0.05514397944423858,7.342986188923066,49.031805342403146,1.8460271768891523,0.7844328703703703,0.9539732179926331,0.37361227504930283,24192
Qwen/Qwen2.5-0.5B,naive_rtn,4,keys_only,0,5.0,3.2,0.34267062968070305,0.05261605118650759,7.3825596297978695,49.031805342403146,1.8686851194810639,0.7756283068783069,0.9531028244768869,0.37361227504930283,24192
Qwen/Qwen2.5-0.5B,naive_rtn,4,keys_only,1,5.0,3.2,0.34692642107106897,0.053544651982692655,7.342986188923066,49.031805342403146,1.8460271768891523,0.7844328703703703,0.9539732179926331,0.37361227504930283,24192
Qwen/Qwen2.5-0.5B,naive_rtn,4,values_only,0,5.0,3.2,0.011814915165111276,0.0016535211251336613,0.0,49.031805342403146,0.0,1.0,1.0,0.37361227504930283,24192
Qwen/Qwen2.5-0.5B,naive_rtn,4,values_only,1,5.0,3.2,0.004365821690399799,0.0012388914528728425,0.00037352857575674857,49.031805342403146,2.701143876601309e-07,0.999834656084656,0.9999999857990229,0.37361227504930283,24192
Qwen/Qwen2.5-0.5B,rotate_rtn,4,both,0,5.0,3.2,0.37543101338550555,0.06423009641848648,7.172295713452321,49.031805342403146,3.0178158930175765,0.8100611772486772,1.0023376297984339,0.37361227504930283,24192
Qwen/Qwen2.5-0.5B,rotate_rtn,4,both,1,5.0,3.2,0.331406282719181,0.060138318263073774,7.116168391209543,49.031805342403146,2.976760017071658,0.8152695105820106,1.002723035103899,0.37361227504930283,24192
Qwen/Qwen2.5-0.5B,rotate_rtn,4,keys_only,0,5.0,3.2,0.3671538832147167,0.06271016845369215,7.172295713452321,49.031805342403146,3.0178158930175765,0.8100611772486772,1.0023376297984339,0.37361227504930283,24192
Qwen/Qwen2.5-0.5B,rotate_rtn,4,keys_only,1,5.0,3.2,0.32542827526350593,0.05878195919680649,7.116168391209543,49.031805342403146,2.976760017071658,0.8152695105820106,1.002723035103899,0.37361227504930283,24192
Qwen/Qwen2.5-0.5B,rotate_rtn,4,values_only,0,5.0,3.2,0.004601488588727831,0.0010025055003149669,0.0,49.031805342403146,0.0,1.0,1.0,0.37361227504930283,24192
Qwen/Qwen2.5-0.5B,rotate_rtn,4,values_only,1,5.0,3.2,0.0032381620879388204,0.0009453320319031264,0.00037352857575674857,49.031805342403146,2.701143876601309e-07,0.999834656084656,0.9999999857990229,0.37361227504930283,24192
Qwen/Qwen2.5-0.5B,turboQuant,4,both,0,4.5,3.5556,0.373497307624537,0.06537841367911913,6.3686243448058875,49.031805342403146,2.2722706658809284,0.8012979497354498,0.9782285282751797,0.37361227504930283,24192
Qwen/Qwen2.5-0.5B,turboQuant,4,both,1,4.5,3.5556,0.3625935568387968,0.06417606052009042,6.32053048250142,49.031805342403146,2.239352747792973,0.8056382275132276,0.9788248884068572,0.37361227504930283,24192
Qwen/Qwen2.5-0.5B,turboQuant,4,keys_only,0,4.5,3.5556,0.37366188826156677,0.06515165177103403,6.3686243448058875,49.031805342403146,2.2722706658809284,0.8012979497354498,0.9782285282751797,0.37361227504930283,24192
Qwen/Qwen2.5-0.5B,turboQuant,4,keys_only,1,4.5,3.5556,0.36508749835103393,0.06406939187501816,6.32053048250142,49.031805342403146,2.239352747792973,0.8056382275132276,0.9788248884068572,0.37361227504930283,24192
Qwen/Qwen2.5-0.5B,turboQuant,4,values_only,0,4.5,3.5556,0.006235814109458193,0.0012293804255590433,0.0,49.031805342403146,0.0,1.0,1.0,0.37361227504930283,24192
Qwen/Qwen2.5-0.5B,turboQuant,4,values_only,1,4.5,3.5556,0.0038182511714248833,0.0011073131897387555,0.00037352857575674857,49.031805342403146,2.701143876601309e-07,0.999834656084656,0.9999999857990229,0.37361227504930283,24192
Qwen/Qwen2.5-0.5B,polarQuant,4,both,0,4.5,3.5556,0.4233976445620594,0.07112933430244647,6.677044690243768,49.031805342403146,2.52981386157647,0.7746775793650794,0.9856473169479529,0.37361227504930283,24192
Qwen/Qwen2.5-0.5B,polarQuant,4,both,1,4.5,3.5556,0.3905054019012952,0.0657457593407845,6.656236872727563,49.031805342403146,2.5338132125782167,0.7791005291005291,0.9854651672254252,0.37361227504930283,24192
Qwen/Qwen2.5-0.5B,polarQuant,4,keys_only,0,4.5,3.5556,0.41380077060894543,0.06933852193751557,6.677044690243768,49.031805342403146,2.52981386157647,0.7746775793650794,0.9856473169479529,0.37361227504930283,24192
Qwen/Qwen2.5-0.5B,polarQuant,4,keys_only,1,4.5,3.5556,0.3845447232854239,0.06413407540344394,6.656236872727563,49.031805342403146,2.5338132125782167,0.7791005291005291,0.9854651672254252,0.37361227504930283,24192
Qwen/Qwen2.5-0.5B,polarQuant,4,values_only,0,4.5,3.5556,0.009377905889479052,0.001882121252961048,0.0,49.031805342403146,0.0,1.0,1.0,0.37361227504930283,24192
Qwen/Qwen2.5-0.5B,polarQuant,4,values_only,1,4.5,3.5556,0.005879106778345482,0.0017114225420584229,0.00037352857575674857,49.031805342403146,2.701143876601309e-07,0.999834656084656,0.9999999857990229,0.37361227504930283,24192
Qwen/Qwen2.5-0.5B,naive_rtn,8,both,0,9.0,1.7778,0.030550035354860602,0.007991243912086495,0.48199926683578037,49.031805342403146,0.09041565069890745,0.9538690476190477,0.999870869479799,0.37361227504930283,24192
Qwen/Qwen2.5-0.5B,naive_rtn,8,both,1,9.0,1.7778,0.030574405343940778,0.008032183554769253,0.48022047958560954,49.031805342403146,0.09029753539802375,0.9547371031746031,0.999875806171301,0.37361227504930283,24192
Qwen/Qwen2.5-0.5B,naive_rtn,8,keys_only,0,9.0,1.7778,0.0304907037084639,0.007983045075685393,0.48199926683578037,49.031805342403146,0.09041565069890745,0.9538690476190477,0.999870869479799,0.37361227504930283,24192
Qwen/Qwen2.5-0.5B,naive_rtn,8,keys_only,1,9.0,1.7778,0.030541817031750122,0.008025600387892282,0.48022047958560954,49.031805342403146,0.09029753539802375,0.9547371031746031,0.999875806171301,0.37361227504930283,24192
Qwen/Qwen2.5-0.5B,naive_rtn,8,values_only,0,9.0,1.7778,4.1292338232004725e-05,5.655123796991965e-06,0.0,49.031805342403146,0.0,1.0,1.0,0.37361227504930283,24192
Qwen/Qwen2.5-0.5B,naive_rtn,8,values_only,1,9.0,1.7778,1.5426926230303353e-05,4.356062308707098e-06,0.00037352857575674857,49.031805342403146,2.701143876601309e-07,0.999834656084656,0.9999999857990229,0.37361227504930283,24192
Qwen/Qwen2.5-0.5B,rotate_rtn,8,both,0,9.0,1.7778,0.024611432349950925,0.005672747130559454,0.423263897263448,49.031805342403146,0.059045449772218636,0.9632936507936508,0.9999762775009173,0.37361227504930283,24192
Qwen/Qwen2.5-0.5B,rotate_rtn,8,both,1,9.0,1.7778,0.02454536258707782,0.005646417885363879,0.42066047205016716,49.031805342403146,0.058672077734312156,0.9635003306878307,1.0000096051694685,0.37361227504930283,24192
Qwen/Qwen2.5-0.5B,rotate_rtn,8,keys_only,0,9.0,1.7778,0.024597266308025605,0.005668762013901067,0.423263897263448,49.031805342403146,0.059045449772218636,0.9632936507936508,0.9999762775009173,0.37361227504930283,24192
Qwen/Qwen2.5-0.5B,rotate_rtn,8,keys_only,1,9.0,1.7778,0.024535746917548937,0.005642581085022533,0.42066047205016716,49.031805342403146,0.058672077734312156,0.9635003306878307,1.0000096051694685,0.37361227504930283,24192
Qwen/Qwen2.5-0.5B,rotate_rtn,8,values_only,0,9.0,1.7778,1.582786012356612e-05,3.4814328968708622e-06,0.0,49.031805342403146,0.0,1.0,1.0,0.37361227504930283,24192
Qwen/Qwen2.5-0.5B,rotate_rtn,8,values_only,1,9.0,1.7778,1.1521783306478125e-05,3.3715730076745314e-06,0.00037352857575674857,49.031805342403146,2.701143876601309e-07,0.999834656084656,0.9999999857990229,0.37361227504930283,24192
Qwen/Qwen2.5-0.5B,turboQuant,8,both,0,8.5,1.8824,0.033167751789168955,0.007487565070021795,0.4417278832017165,49.031805342403146,0.06236084507201995,0.9575479497354498,0.9998853689268223,0.37361227504930283,24192
Qwen/Qwen2.5-0.5B,turboQuant,8,both,1,8.5,1.8824,0.03191958310284571,0.006807193998698174,0.4399980042080389,49.031805342403146,0.061497223697905154,0.9577132936507936,0.9998639064423568,0.37361227504930283,24192
Qwen/Qwen2.5-0.5B,turboQuant,8,keys_only,0,8.5,1.8824,0.03313322049297308,0.007482501894165904,0.4417278832017165,49.031805342403146,0.06236084507201995,0.9575479497354498,0.9998853689268223,0.37361227504930283,24192
Qwen/Qwen2.5-0.5B,turboQuant,8,keys_only,1,8.5,1.8824,0.03189187234716779,0.006801565123194489,0.4399980042080389,49.031805342403146,0.061497223697905154,0.9577132936507936,0.9998639064423568,0.37361227504930283,24192
Qwen/Qwen2.5-0.5B,turboQuant,8,values_only,0,8.5,1.8824,2.5743636234734867e-05,5.286742631187253e-06,0.0,49.031805342403146,0.0,1.0,1.0,0.37361227504930283,24192
Qwen/Qwen2.5-0.5B,turboQuant,8,values_only,1,8.5,1.8824,1.653058474873442e-05,4.862612330238043e-06,0.00037352857575674857,49.031805342403146,2.701143876601309e-07,0.999834656084656,0.9999999857990229,0.37361227504930283,24192
Qwen/Qwen2.5-0.5B,polarQuant,8,both,0,8.5,1.8824,0.03193837161868596,0.006301164674857497,0.39686458235295835,49.031805342403146,0.04972015741966305,0.9555224867724867,1.0002705526428994,0.37361227504930283,24192
Qwen/Qwen2.5-0.5B,polarQuant,8,both,1,8.5,1.8824,0.031646786650433086,0.006103688268655642,0.39581183253352836,49.031805342403146,0.049142033009043844,0.9565972222222222,1.0002725272755733,0.37361227504930283,24192
Qwen/Qwen2.5-0.5B,polarQuant,8,keys_only,0,8.5,1.8824,0.03189439836923676,0.006292498535061495,0.39686458235295835,49.031805342403146,0.04972015741966305,0.9555224867724867,1.0002705526428994,0.37361227504930283,24192
Qwen/Qwen2.5-0.5B,polarQuant,8,keys_only,1,8.5,1.8824,0.03161924937375017,0.006096279799649958,0.39581183253352836,49.031805342403146,0.049142033009043844,0.9565972222222222,1.0002725272755733,0.37361227504930283,24192
Qwen/Qwen2.5-0.5B,polarQuant,8,values_only,0,8.5,1.8824,3.767516316458658e-05,7.466075248576318e-06,0.0,49.031805342403146,0.0,1.0,1.0,0.37361227504930283,24192
Qwen/Qwen2.5-0.5B,polarQuant,8,values_only,1,8.5,1.8824,2.3035338815651102e-05,6.739441928416813e-06,0.00037352857575674857,49.031805342403146,2.701143876601309e-07,0.999834656084656,0.9999999857990229,0.37361227504930283,24192
Qwen/Qwen2.5-0.5B,naive_rtn,K4V2,mixed,0,4.0,4.0,0.6835501512521136,0.10436840718047236,7.3825596297978695,49.031805342403146,1.8686851194810639,0.7756283068783069,0.9531028244768869,0.37361227504930283,24192
Qwen/Qwen2.5-0.5B,naive_rtn,K4V3,mixed,0,4.5,3.5556,0.4032637874684455,0.061510090444273864,7.3825596297978695,49.031805342403146,1.8686851194810639,0.7756283068783069,0.9531028244768869,0.37361227504930283,24192
Qwen/Qwen2.5-0.5B,naive_rtn,K8V2,mixed,0,6.0,2.6667,0.3096115734862029,0.050115797847768956,0.48199926683578037,49.031805342403146,0.09041565069890745,0.9538690476190477,0.999870869479799,0.37361227504930283,24192
Qwen/Qwen2.5-0.5B,naive_rtn,K8V3,mixed,0,6.5,2.4615,0.0825390479215506,0.01575280157575305,0.48199926683578037,49.031805342403146,0.09041565069890745,0.9538690476190477,0.999870869479799,0.37361227504930283,24192
Qwen/Qwen2.5-0.5B,naive_rtn,K8V4,mixed,0,7.0,2.2857,0.04307972482000481,0.009783682910364775,0.48199926683578037,49.031805342403146,0.09041565069890745,0.9538690476190477,0.999870869479799,0.37361227504930283,24192
Qwen/Qwen2.5-0.5B,rotate_rtn,K4V2,mixed,0,4.0,4.0,0.5565777985497703,0.0984548800133056,7.172295713452321,49.031805342403146,3.0178158930175765,0.8100611772486772,1.0023376297984339,0.37361227504930283,24192
Qwen/Qwen2.5-0.5B,rotate_rtn,K4V3,mixed,0,4.5,3.5556,0.4035440264604371,0.06940535095466464,7.172295713452321,49.031805342403146,3.0178158930175765,0.8100611772486772,1.0023376297984339,0.37361227504930283,24192
Qwen/Qwen2.5-0.5B,rotate_rtn,K8V2,mixed,0,6.0,2.6667,0.14541503075768053,0.031915366894440245,0.423263897263448,49.031805342403146,0.059045449772218636,0.9632936507936508,0.9999762775009173,0.37361227504930283,24192
Qwen/Qwen2.5-0.5B,rotate_rtn,K8V3,mixed,0,6.5,2.4615,0.046510644805494064,0.01046221850640285,0.423263897263448,49.031805342403146,0.059045449772218636,0.9632936507936508,0.9999762775009173,0.37361227504930283,24192
Qwen/Qwen2.5-0.5B,rotate_rtn,K8V4,mixed,0,7.0,2.2857,0.02948712917558066,0.006715807945467302,0.423263897263448,49.031805342403146,0.059045449772218636,0.9632936507936508,0.9999762775009173,0.37361227504930283,24192
Qwen/Qwen2.5-0.5B,turboQuant,K4V2,mixed,0,3.5,4.5714,0.4131513280941041,0.07491590183289522,6.3686243448058875,49.031805342403146,2.2722706658809284,0.8012979497354498,0.9782285282751797,0.37361227504930283,24192
Qwen/Qwen2.5-0.5B,turboQuant,K4V3,mixed,0,4.0,4.0,0.3821221215643437,0.06719380790189954,6.3686243448058875,49.031805342403146,2.2722706658809284,0.8012979497354498,0.9782285282751797,0.37361227504930283,24192
Qwen/Qwen2.5-0.5B,turboQuant,K8V2,mixed,0,5.5,2.9091,0.11510639213898094,0.023749559118897912,0.4417278832017165,49.031805342403146,0.06236084507201995,0.9575479497354498,0.9998853689268223,0.37361227504930283,24192
Qwen/Qwen2.5-0.5B,turboQuant,K8V3,mixed,0,6.0,2.6667,0.055049850810043405,0.011843518112518209,0.4417278832017165,49.031805342403146,0.06236084507201995,0.9575479497354498,0.9998853689268223,0.37361227504930283,24192
Qwen/Qwen2.5-0.5B,turboQuant,K8V4,mixed,0,6.5,2.4615,0.03925728572097497,0.008664406729166442,0.4417278832017165,49.031805342403146,0.06236084507201995,0.9575479497354498,0.9998853689268223,0.37361227504930283,24192
Qwen/Qwen2.5-0.5B,polarQuant,K4V2,mixed,0,3.5,4.5714,0.6347772993898421,0.10653798524494379,6.677044690243768,49.031805342403146,2.52981386157647,0.7746775793650794,0.9856473169479529,0.37361227504930283,24192
Qwen/Qwen2.5-0.5B,polarQuant,K4V3,mixed,0,4.0,4.0,0.44913045805179747,0.07699794065586213,6.677044690243768,49.031805342403146,2.52981386157647,0.7746775793650794,0.9856473169479529,0.37361227504930283,24192
Qwen/Qwen2.5-0.5B,polarQuant,K8V2,mixed,0,5.5,2.9091,0.24845092259528456,0.044129288099501396,0.39686458235295835,49.031805342403146,0.04972015741966305,0.9555224867724867,1.0002705526428994,0.37361227504930283,24192
Qwen/Qwen2.5-0.5B,polarQuant,K8V3,mixed,0,6.0,2.6667,0.06563559754603787,0.013747032959256208,0.39686458235295835,49.031805342403146,0.04972015741966305,0.9555224867724867,1.0002705526428994,0.37361227504930283,24192
Qwen/Qwen2.5-0.5B,polarQuant,K8V4,mixed,0,6.5,2.4615,0.04140007376756014,0.008198499822881643,0.39686458235295835,49.031805342403146,0.04972015741966305,0.9555224867724867,1.0002705526428994,0.37361227504930283,24192
