algorithm,bits,dim,mse,inner_product_error,compression_ratio,encode_gbs,decode_gbs
turboQuant,3,64,0.009086938,0.535337,5.818182,0.0016144427,0.0015541062
turboQuant,4,64,0.0020446705,0.20172268,4.923077,0.0015971934,0.001694499
turboQuant,8,64,7.0520423e-06,0.00057619065,3.047619,0.0017547274,0.0019122915
turboQuant,3,128,0.01315799,1.2590737,6.736842,0.004085779,0.0038877458
turboQuant,4,128,0.0027938192,0.20035733,5.5652175,0.0034274212,0.0035221283
turboQuant,8,128,9.688321e-06,0.0013524443,3.2820513,0.0039441474,0.00354325
turboQuant,3,256,0.01603614,3.2589145,7.3142858,0.007626379,0.008456995
turboQuant,4,256,0.0034092732,0.97163665,5.9534883,0.007972495,0.008297794
turboQuant,8,256,1.202456e-05,0.003387899,3.4133334,0.0081952745,0.008553973
turboQuant,3,512,0.01709349,12.636689,7.641791,0.01507751,0.015099308
turboQuant,4,512,0.0037452586,2.5836914,6.1686745,0.013891013,0.015119725
turboQuant,8,512,1.2983855e-05,0.006698209,3.4829931,0.01468452,0.016142394
turboQuant,3,1024,0.019346515,20.816097,7.816794,0.029208032,0.029430974
turboQuant,4,1024,0.004198755,4.5661793,6.2822084,0.027990503,0.027548514
turboQuant,8,1024,1.4587196e-05,0.018304141,3.5189004,0.026356047,0.03180744
polarQuant,3,64,0.05001254,2.926929,9.142858,0.0020629563,0.0021156666
polarQuant,4,64,0.013067671,0.5364756,7.111111,0.0019750223,0.0021002612
polarQuant,8,64,4.489161e-05,0.0039579994,3.764706,0.001876546,0.0018356196
polarQuant,3,128,0.0623233,6.8846097,9.846154,0.004168244,0.004168816
polarQuant,4,128,0.013863639,1.4868516,7.529412,0.003787977,0.0037164832
polarQuant,8,128,5.7210284e-05,0.005922647,3.878788,0.0041594296,0.0036504052
polarQuant,3,256,0.06324176,12.011711,10.24,0.008038339,0.0087323915
polarQuant,4,256,0.014987457,3.917359,7.757576,0.007355331,0.008618161
polarQuant,8,256,5.7104848e-05,0.0150735285,3.9384615,0.007321804,0.0075633605
polarQuant,3,512,0.06114826,37.82999,10.448979,0.01613153,0.016233033
polarQuant,4,512,0.015022931,4.150137,7.876923,0.017155712,0.015910132
polarQuant,8,512,5.870654e-05,0.025694536,3.9689922,0.016558407,0.017765556
polarQuant,3,1024,0.061475556,55.696835,10.556701,0.034300692,0.034682456
polarQuant,4,1024,0.01512102,8.990736,7.9379845,0.034429237,0.03619775
polarQuant,8,1024,5.8792644e-05,0.055647083,3.9844358,0.033354465,0.0351777