method,bits,dim,tokens,phase,gpu_us_median,wall_us_median,sustained_gpu_us_per_call,sustained_wall_us_per_call,ns_per_token_sustained_gpu
perChannel,2,64,64,encode,88.875,215.542,81.4974,93.5678,1273.4
perChannel,2,64,64,decode,2.74996,102.125,1.8125,8.66406,28.3203
turboQuant,2,64,64,encode,6.37502,101.25,4.75,11.5078,74.2187
turboQuant,2,64,64,decode,4.00003,102.417,2.80989,9.75519,43.9046
perChannel,4,64,64,encode,60.3333,179.125,52.9688,65.2239,827.637
perChannel,4,64,64,decode,2.58331,84.5,1.49219,7.45831,23.3154
turboQuant,4,64,64,encode,6.00005,96.958,4.64844,11.4375,72.6318
turboQuant,4,64,64,decode,3.9583,94.208,2.91667,9.8255,45.5729
perChannel,8,64,64,encode,45.8333,162.25,38,46.2734,593.75
perChannel,8,64,64,decode,2.66667,94.958,1.66666,8.16925,26.0416
turboQuant,8,64,64,encode,7.58329,95.709,5.27083,11.4609,82.3568
turboQuant,8,64,64,decode,4.29165,97,3.17969,10.1849,49.6826
perChannel,2,64,256,encode,85.1667,206.542,81.2552,93.7109,317.403
perChannel,2,64,256,decode,3.16667,94.792,2.41667,9.25,9.44011
turboQuant,2,64,256,encode,6.29167,89.666,5.32812,12.0625,20.813
turboQuant,2,64,256,decode,4.33333,99.75,3.35938,10.3359,13.1226
perChannel,4,64,256,encode,56.75,157.333,52.2786,60.5339,204.213
perChannel,4,64,256,decode,3.08332,88.916,2.42188,9.26825,9.46045
turboQuant,4,64,256,encode,5.99999,99.417,4.64844,10.7031,18.158
turboQuant,4,64,256,decode,4.08338,91.625,2.97396,9.03125,11.617
perChannel,8,64,256,encode,42,130.708,37.8776,45.8125,147.959
perChannel,8,64,256,decode,3.12499,91.083,2.41406,9.3385,9.42993
turboQuant,8,64,256,encode,7.58329,94.375,6.42188,13.2838,25.0855
turboQuant,8,64,256,decode,4.20836,86.083,3.01823,8.96094,11.79
perChannel,2,64,4096,encode,85.4167,208.833,81.7969,93.474,19.9699
perChannel,2,64,4096,decode,14.9583,135.916,17.1016,24.9583,4.17519
turboQuant,2,64,4096,encode,35.5417,159.041,36.5469,50.5391,8.92258
turboQuant,2,64,4096,decode,16.3334,132.958,17.7578,26.3724,4.3354
perChannel,4,64,4096,encode,56.875,180.5,53.4297,65.7578,13.0444
perChannel,4,64,4096,decode,14.875,140.625,17.0859,25.5495,4.17137
turboQuant,4,64,4096,encode,33.7916,163.5,34.5365,47.5989,8.43175
turboQuant,4,64,4096,decode,16.4583,144.25,17.974,26.3881,4.38817
perChannel,8,64,4096,encode,42.5,167.541,38.6615,53.0677,9.43883
perChannel,8,64,4096,decode,14.875,144.417,16.7734,24.8281,4.09508
turboQuant,8,64,4096,encode,36.5,160.791,37.9453,53.3489,9.26399
turboQuant,8,64,4096,decode,16.625,146.667,18.3203,27.1042,4.47273
perChannel,2,128,64,encode,87.3751,215.833,81.9141,94.2317,1279.91
perChannel,2,128,64,decode,2.75002,102,1.88021,8.82812,29.3783
turboQuant,2,128,64,encode,6.66664,96.75,4.60937,10.6067,72.0215
turboQuant,2,128,64,decode,4.24997,100.167,3.01042,9.86981,47.0378
perChannel,4,128,64,encode,58.5,157.75,52.8333,60.6537,825.521
perChannel,4,128,64,decode,2.62499,88.875,1.79687,8.625,28.0762
turboQuant,4,128,64,encode,6.12502,99.709,4.57552,10.6433,71.4925
turboQuant,4,128,64,decode,4.00003,84.583,2.70313,8.72656,42.2364
perChannel,8,128,64,encode,44.6666,142.959,38.7188,47.6197,604.98
perChannel,8,128,64,decode,2.74996,96.542,1.79427,8.72919,28.0355
turboQuant,8,128,64,encode,7.62497,93.916,6.55208,13.4011,102.376
turboQuant,8,128,64,decode,4.58333,96.375,2.89844,9.12237,45.2881
perChannel,2,128,256,encode,85.875,207.958,81.9062,94.0182,319.946
perChannel,2,128,256,decode,3.2917,102.459,2.19531,8.23956,8.57544
turboQuant,2,128,256,encode,8.3333,100.291,7.1875,13.9558,28.0762
turboQuant,2,128,256,decode,5.12501,96.917,4.19271,11.0833,16.3778
perChannel,4,128,256,encode,57.0833,177.583,52.9766,63.8438,206.94
perChannel,4,128,256,decode,3.25002,102.75,2.45573,9.38019,9.59268
turboQuant,4,128,256,encode,7.87497,101,7.07031,13.875,27.6184
turboQuant,4,128,256,decode,4.99998,91.083,4.28385,10.9609,16.7338
perChannel,8,128,256,encode,42.9166,142.583,39.2057,47.5729,153.147
perChannel,8,128,256,decode,3.2917,102.25,2.4974,9.34894,9.75545
turboQuant,8,128,256,encode,9.91666,106.75,8.6875,15.4948,33.9355
turboQuant,8,128,256,decode,5.33334,92.791,4.48177,11.2136,17.5069
perChannel,2,128,4096,encode,86.6667,212.791,82.8542,94.6484,20.2281
perChannel,2,128,4096,decode,15.8333,137.25,17.2813,25.1589,4.21906
turboQuant,2,128,4096,encode,61.375,188.167,62.1172,74.6693,15.1653
turboQuant,2,128,4096,decode,32,151.875,32.4557,45.9089,7.92376
perChannel,4,128,4096,encode,57.875,185.5,54.1432,66.7474,13.2186
perChannel,4,128,4096,decode,15.875,147.292,17.3932,25.8906,4.24639
turboQuant,4,128,4096,encode,61.375,187.792,62.3359,75.5234,15.2187
turboQuant,4,128,4096,decode,32.1667,164.583,31.3854,44.7812,7.66246
perChannel,8,128,4096,encode,44.1667,166.125,39.25,50.8229,9.58252
perChannel,8,128,4096,decode,15.875,146.791,17.5755,25.8646,4.2909
turboQuant,8,128,4096,encode,69.5,199.291,70.2448,83.3021,17.1496
turboQuant,8,128,4096,decode,32.375,165.917,33.3906,46.7448,8.15201
perChannel,2,256,64,encode,87.625,214.542,83.6276,96.1224,1306.68
perChannel,2,256,64,decode,2.87499,99.459,1.96875,8.65625,30.7617
turboQuant,2,256,64,encode,6.74999,85.834,5.70312,12.4766,89.1113
turboQuant,2,256,64,decode,4.4583,96.042,3.42188,10.2604,53.4668
perChannel,4,256,64,encode,58.9583,178.583,54.7474,67.099,855.428
perChannel,4,256,64,decode,2.87499,99.625,1.98438,8.85419,31.0059
turboQuant,4,256,64,encode,6.70832,100.167,5.5651,12.3516,86.9547
turboQuant,4,256,64,decode,4.66662,99.625,3.54948,10.3697,55.4606
perChannel,8,256,64,encode,44.0833,159.375,39.6172,48.3958,619.019
perChannel,8,256,64,decode,2.95829,101.25,1.69271,7.82031,26.4486
turboQuant,8,256,64,encode,7.37503,84.584,6.17708,12.3828,96.5169
turboQuant,8,256,64,decode,4.74998,90.792,3.38542,9.35413,52.8971
perChannel,2,256,256,encode,87.75,210.541,83.5365,96.2396,326.314
perChannel,2,256,256,decode,3.79165,96.916,2.67448,8.80213,10.4472
turboQuant,2,256,256,encode,11.9167,105.459,10.4844,17.4401,40.9546
turboQuant,2,256,256,decode,7.25,94.083,6.32552,12.9714,24.7091
perChannel,4,256,256,encode,59,186.792,55.1354,66.5026,215.373
perChannel,4,256,256,decode,3.75003,94.083,3.01042,9.638,11.7594
turboQuant,4,256,256,encode,11.7916,107.958,10.9766,17.8125,42.8772
turboQuant,4,256,256,decode,7.29167,100.583,6.38281,13.0599,24.9329
perChannel,8,256,256,encode,44.0417,172.292,40.3125,54.3489,157.471
perChannel,8,256,256,decode,3.875,99.917,3.01302,9.64062,11.7696
turboQuant,8,256,256,encode,14.2083,110.375,13.125,19.901,51.2695
turboQuant,8,256,256,decode,7.5,96.292,6.70052,13.4349,26.1739
perChannel,2,256,4096,encode,92.7083,216.541,93.4714,105.812,22.8202
perChannel,2,256,4096,decode,21.7084,162.583,23.1094,32.0547,5.64194
turboQuant,2,256,4096,encode,117.917,248.083,119.023,131.909,29.0585
turboQuant,2,256,4096,decode,66.2917,207.958,67.1641,80.2787,16.3975
perChannel,4,256,4096,encode,64.5,194.333,65.5547,78.5182,16.0046
perChannel,4,256,4096,decode,21.3333,147.875,22.3125,30.3099,5.44739
turboQuant,4,256,4096,encode,122.375,243.375,123.531,136.357,30.159
turboQuant,4,256,4096,decode,66.25,203.833,67.0443,80.7578,16.3682
perChannel,8,256,4096,encode,51.25,179.375,52.7526,65.0938,12.8791
perChannel,8,256,4096,decode,21.2083,153.625,23.1901,32.2213,5.66165
turboQuant,8,256,4096,encode,141.375,274.042,142.281,155.094,34.7366
turboQuant,8,256,4096,decode,66.5,205.083,67.9766,81.7239,16.5958
perChannel,2,512,64,encode,92.25,203.167,88.3932,100.38,1381.14
perChannel,2,512,64,decode,3.04164,87.375,2.46875,9.34638,38.5742
turboQuant,2,512,64,encode,9.41672,107.584,8.49479,15.3619,132.731
turboQuant,2,512,64,decode,5.83334,100.875,4.96875,11.8099,77.6367
perChannel,4,512,64,encode,61,194,57.2812,69.6328,895.02
perChannel,4,512,64,decode,3.24997,102.958,2.48438,9.39844,38.8184
turboQuant,4,512,64,encode,9.20834,107.458,8.42448,15.375,131.632
turboQuant,4,512,64,decode,5.83328,102.041,5.03646,11.8932,78.6947
perChannel,8,512,64,encode,46.1666,176.75,42.7188,56.4844,667.48
perChannel,8,512,64,decode,3.24997,103.125,2.49219,9.42969,38.9404
turboQuant,8,512,64,encode,11.1667,109.708,10.1068,16.9114,157.918
turboQuant,8,512,64,decode,6.12502,97.041,5.32031,12.3229,83.1299
perChannel,2,512,256,encode,92.2083,215.833,87.9375,99.5755,343.506
perChannel,2,512,256,decode,4.99998,100.75,4.25781,10.9766,16.6321
turboQuant,2,512,256,encode,20.3333,119.667,20.6302,26.6953,80.5867
turboQuant,2,512,256,decode,12.25,141.708,13.4453,22.1432,52.5208
perChannel,4,512,256,encode,61,193.792,57.5703,70.6928,224.884
perChannel,4,512,256,decode,4.9583,102.083,4.24219,10.9688,16.5711
turboQuant,4,512,256,encode,20.75,120.083,22.8672,29.8568,89.3249
turboQuant,4,512,256,decode,12.25,146.417,13.6953,22.3984,53.4973
perChannel,8,512,256,encode,46.125,178.708,42.3594,54.7188,165.466
perChannel,8,512,256,decode,4.99998,101.375,4.24219,10.9193,16.5711
turboQuant,8,512,256,encode,24,155.917,25.8984,34.625,101.166
turboQuant,8,512,256,decode,12.375,137.084,11.7266,20.2916,45.8069
perChannel,2,512,4096,encode,112.708,234.875,116.396,129.344,28.417
perChannel,2,512,4096,decode,41.9167,182.667,42.4948,55.6459,10.3747
turboQuant,2,512,4096,encode,243.292,377.25,244.583,257.711,59.7127
turboQuant,2,512,4096,decode,142.625,283.5,143.805,157.292,35.1086
perChannel,4,512,4096,encode,82.6667,218.791,87.3594,100.258,21.328
perChannel,4,512,4096,decode,40.875,181.625,42.0286,56.4453,10.2609
turboQuant,4,512,4096,encode,259,385.375,259.961,272.349,63.467
turboQuant,4,512,4096,decode,142.292,284.834,143.297,156.896,34.9846
perChannel,8,512,4096,encode,74.25,211.25,80.5859,93.6562,19.6743
perChannel,8,512,4096,decode,40.2083,180.25,40.6276,52.4609,9.91885
turboQuant,8,512,4096,encode,295.75,432.792,296.727,309.956,72.443
turboQuant,8,512,4096,decode,141.917,276.292,142.995,156.539,34.9108
perChannel,2,1024,64,encode,102.375,233.416,98.0313,108.641,1531.74
perChannel,2,1024,64,decode,3.9583,93.584,2.875,8.73175,44.9219
turboQuant,2,1024,64,encode,15.875,114.375,17.1406,23.9609,267.822
turboQuant,2,1024,64,decode,9.75002,129.458,8.84635,15.6511,138.224
perChannel,4,1024,64,encode,67.625,195.666,63.6328,75.5678,994.263
perChannel,4,1024,64,decode,3.99997,102.625,3.25,10.0287,50.7812
turboQuant,4,1024,64,encode,15.9583,112.208,17.6198,24.4974,275.309
turboQuant,4,1024,64,decode,9.83337,117.584,8.95312,15.7448,139.893
perChannel,8,1024,64,encode,55,182.5,51.2995,62.9817,801.554
perChannel,8,1024,64,decode,3.83332,90,2.92448,9.09375,45.695
turboQuant,8,1024,64,encode,18.375,115.25,22.1432,29.0287,345.988
turboQuant,8,1024,64,decode,10.125,131.042,9.28646,17.6823,145.101
perChannel,2,1024,256,encode,102.792,227.166,98.1953,109.935,383.575
perChannel,2,1024,256,decode,7.58329,136.417,6.78907,15.3724,26.5198
turboQuant,2,1024,256,encode,39.5,169.084,40.1615,52.2552,156.881
turboQuant,2,1024,256,decode,24.0417,150.791,25.9427,34.6406,101.339
perChannel,4,1024,256,encode,67.75,196.459,63.9531,77.1458,249.817
perChannel,4,1024,256,decode,7.5,132.041,6.75,15.0859,26.3672
turboQuant,4,1024,256,encode,40.8333,170.125,42.125,54.5781,164.551
turboQuant,4,1024,256,decode,24.25,151.166,25.5677,34.5547,99.8739
perChannel,8,1024,256,encode,55.25,183.584,51.3464,65.5963,200.572
perChannel,8,1024,256,decode,7.37497,132.834,6.72136,15.3854,26.2553
turboQuant,8,1024,256,encode,46.25,172.125,48.0078,61.1042,187.531
turboQuant,8,1024,256,decode,24.5,158.541,26.2031,35.3541,102.356
perChannel,2,1024,4096,encode,233.333,367.25,237.87,250.88,58.0737
perChannel,2,1024,4096,decode,75.1666,210.25,76.0885,89.4818,18.5763
turboQuant,2,1024,4096,encode,540.417,759.5,542.313,555.289,132.401
turboQuant,2,1024,4096,decode,310.25,456,311.711,325.023,76.1013
perChannel,4,1024,4096,encode,181.875,308.625,185.549,198.193,45.3002
perChannel,4,1024,4096,decode,73.7917,194.25,74.3542,86.2682,18.1529
turboQuant,4,1024,4096,encode,566.125,759.708,567.737,580.826,138.608
turboQuant,4,1024,4096,decode,310.292,454.458,311.859,325.326,76.1375
perChannel,8,1024,4096,encode,164.958,301.209,170.622,183.609,41.6559
perChannel,8,1024,4096,decode,73.25,207.084,74.2969,86.8359,18.1389
turboQuant,8,1024,4096,encode,639.792,857.959,645.216,658.807,157.523
turboQuant,8,1024,4096,decode,311.625,454.417,312.839,326.544,76.3766