model,config,window,nll_sum,tokens
Qwen/Qwen2.5-1.5B,exact,0,1945.9703392982483,1023
Qwen/Qwen2.5-1.5B,exact,1,2511.4727268218994,1023
Qwen/Qwen2.5-1.5B,exact,2,2418.305498600006,1023
Qwen/Qwen2.5-1.5B,exact,3,2632.6265137195587,1023
Qwen/Qwen2.5-1.5B,exact,4,2917.3874616622925,1023
Qwen/Qwen2.5-1.5B,exact,5,2556.9792687892914,1023
Qwen/Qwen2.5-1.5B,exact,6,2702.944739341736,1023
Qwen/Qwen2.5-1.5B,exact,7,2611.8306798934937,1023
Qwen/Qwen2.5-1.5B,exact,8,2025.4407513141632,1023
Qwen/Qwen2.5-1.5B,exact,9,2615.3955545425415,1023
Qwen/Qwen2.5-1.5B,exact,10,2144.3501501083374,1023
Qwen/Qwen2.5-1.5B,exact,11,1618.9480901956558,1023
Qwen/Qwen2.5-1.5B,exact,12,1737.7743183374405,1023
Qwen/Qwen2.5-1.5B,exact,13,1685.161929488182,1023
Qwen/Qwen2.5-1.5B,exact,14,2230.335433959961,1023
Qwen/Qwen2.5-1.5B,exact,15,2296.620980501175,1023
Qwen/Qwen2.5-1.5B,exact,16,2237.0200617313385,1023
Qwen/Qwen2.5-1.5B,exact,17,2547.0492782592773,1023
Qwen/Qwen2.5-1.5B,exact,18,2742.9993352890015,1023
Qwen/Qwen2.5-1.5B,exact,19,2274.1346604824066,1023
Qwen/Qwen2.5-1.5B,exact,20,2293.5041542053223,1023
Qwen/Qwen2.5-1.5B,exact,21,2387.062845468521,1023
Qwen/Qwen2.5-1.5B,exact,22,2114.5128614902496,1023
Qwen/Qwen2.5-1.5B,exact,23,2610.1233644485474,1023
Qwen/Qwen2.5-1.5B,exact,24,2398.9157609939575,1023
Qwen/Qwen2.5-1.5B,exact,25,2326.8841223716736,1023
Qwen/Qwen2.5-1.5B,exact,26,2493.1937198638916,1023
Qwen/Qwen2.5-1.5B,exact,27,2509.2366313934326,1023
Qwen/Qwen2.5-1.5B,exact,28,2421.693056344986,1023
Qwen/Qwen2.5-1.5B,exact,29,2535.381240606308,1023
Qwen/Qwen2.5-1.5B,exact,30,2414.8664774894714,1023
Qwen/Qwen2.5-1.5B,exact,31,2632.7377331256866,1023
Qwen/Qwen2.5-1.5B,exact,32,2988.2154428958893,1023
Qwen/Qwen2.5-1.5B,exact,33,2542.288063287735,1023
Qwen/Qwen2.5-1.5B,exact,34,2384.4430918693542,1023
Qwen/Qwen2.5-1.5B,exact,35,2632.0904166698456,1023
Qwen/Qwen2.5-1.5B,exact,36,2526.524419784546,1023
Qwen/Qwen2.5-1.5B,exact,37,2214.5386197566986,1023
Qwen/Qwen2.5-1.5B,exact,38,2335.2233827114105,1023
Qwen/Qwen2.5-1.5B,exact,39,2062.9582765102386,1023
Qwen/Qwen2.5-1.5B,turbo_b4,0,8888.565181732178,1023
Qwen/Qwen2.5-1.5B,turbo_b4,1,9226.685834884644,1023
Qwen/Qwen2.5-1.5B,turbo_b4,2,8109.787875652313,1023
Qwen/Qwen2.5-1.5B,turbo_b4,3,8716.86583328247,1023
Qwen/Qwen2.5-1.5B,turbo_b4,4,9378.729592323303,1023
Qwen/Qwen2.5-1.5B,turbo_b4,5,8995.736786842346,1023
Qwen/Qwen2.5-1.5B,turbo_b4,6,9533.404566764832,1023
Qwen/Qwen2.5-1.5B,turbo_b4,7,9021.641152381897,1023
Qwen/Qwen2.5-1.5B,turbo_b4,8,8433.296347618103,1023
Qwen/Qwen2.5-1.5B,turbo_b4,9,9189.783431053162,1023
Qwen/Qwen2.5-1.5B,turbo_b4,10,8798.402340888977,1023
Qwen/Qwen2.5-1.5B,turbo_b4,11,7643.93173456192,1023
Qwen/Qwen2.5-1.5B,turbo_b4,12,7725.659949302673,1023
Qwen/Qwen2.5-1.5B,turbo_b4,13,7494.291877269745,1023
Qwen/Qwen2.5-1.5B,turbo_b4,14,8644.581999778748,1023
Qwen/Qwen2.5-1.5B,turbo_b4,15,8409.781248092651,1023
Qwen/Qwen2.5-1.5B,turbo_b4,16,8917.175886154175,1023
Qwen/Qwen2.5-1.5B,turbo_b4,17,8871.422759056091,1023
Qwen/Qwen2.5-1.5B,turbo_b4,18,9240.916065216064,1023
Qwen/Qwen2.5-1.5B,turbo_b4,19,8963.279256820679,1023
Qwen/Qwen2.5-1.5B,turbo_b4,20,8598.518629074097,1023
Qwen/Qwen2.5-1.5B,turbo_b4,21,9311.250632286072,1023
Qwen/Qwen2.5-1.5B,turbo_b4,22,8765.777981758118,1023
Qwen/Qwen2.5-1.5B,turbo_b4,23,9388.074949264526,1023
Qwen/Qwen2.5-1.5B,turbo_b4,24,8409.045639038086,1023
Qwen/Qwen2.5-1.5B,turbo_b4,25,9123.510323524475,1023
Qwen/Qwen2.5-1.5B,turbo_b4,26,8951.734877586365,1023
Qwen/Qwen2.5-1.5B,turbo_b4,27,9147.477129936218,1023
Qwen/Qwen2.5-1.5B,turbo_b4,28,9311.321851730347,1023
Qwen/Qwen2.5-1.5B,turbo_b4,29,9547.422114372253,1023
Qwen/Qwen2.5-1.5B,turbo_b4,30,8810.9233045578,1023
Qwen/Qwen2.5-1.5B,turbo_b4,31,8681.056111335754,1023
Qwen/Qwen2.5-1.5B,turbo_b4,32,9126.882027626038,1023
Qwen/Qwen2.5-1.5B,turbo_b4,33,9194.595133781433,1023
Qwen/Qwen2.5-1.5B,turbo_b4,34,11670.805455207825,1023
Qwen/Qwen2.5-1.5B,turbo_b4,35,8494.201655387878,1023
Qwen/Qwen2.5-1.5B,turbo_b4,36,9034.362115859985,1023
Qwen/Qwen2.5-1.5B,turbo_b4,37,8659.658082962036,1023
Qwen/Qwen2.5-1.5B,turbo_b4,38,9100.697662353516,1023
Qwen/Qwen2.5-1.5B,turbo_b4,39,7978.890927314758,1023
Qwen/Qwen2.5-1.5B,kivi_G64_b4,0,1963.5471518039703,1023
Qwen/Qwen2.5-1.5B,kivi_G64_b4,1,2539.337334394455,1023
Qwen/Qwen2.5-1.5B,kivi_G64_b4,2,2434.081825017929,1023
Qwen/Qwen2.5-1.5B,kivi_G64_b4,3,2641.468944311142,1023
Qwen/Qwen2.5-1.5B,kivi_G64_b4,4,2941.7864627838135,1023
Qwen/Qwen2.5-1.5B,kivi_G64_b4,5,2560.695850610733,1023
Qwen/Qwen2.5-1.5B,kivi_G64_b4,6,2738.127388715744,1023
Qwen/Qwen2.5-1.5B,kivi_G64_b4,7,2634.8850481510162,1023
Qwen/Qwen2.5-1.5B,kivi_G64_b4,8,2049.960727930069,1023
Qwen/Qwen2.5-1.5B,kivi_G64_b4,9,2628.8831026554108,1023
Qwen/Qwen2.5-1.5B,kivi_G64_b4,10,2161.1418414115906,1023
Qwen/Qwen2.5-1.5B,kivi_G64_b4,11,1651.3142788410187,1023
Qwen/Qwen2.5-1.5B,kivi_G64_b4,12,1760.9889303445816,1023
Qwen/Qwen2.5-1.5B,kivi_G64_b4,13,1701.0274021625519,1023
Qwen/Qwen2.5-1.5B,kivi_G64_b4,14,2240.3624975681305,1023
Qwen/Qwen2.5-1.5B,kivi_G64_b4,15,2309.576333999634,1023
Qwen/Qwen2.5-1.5B,kivi_G64_b4,16,2247.4407835006714,1023
Qwen/Qwen2.5-1.5B,kivi_G64_b4,17,2570.7553532123566,1023
Qwen/Qwen2.5-1.5B,kivi_G64_b4,18,2755.424201488495,1023
Qwen/Qwen2.5-1.5B,kivi_G64_b4,19,2290.275132894516,1023
Qwen/Qwen2.5-1.5B,kivi_G64_b4,20,2308.1848719120026,1023
Qwen/Qwen2.5-1.5B,kivi_G64_b4,21,2396.3450317382812,1023
Qwen/Qwen2.5-1.5B,kivi_G64_b4,22,2136.5079624652863,1023
Qwen/Qwen2.5-1.5B,kivi_G64_b4,23,2637.1033387184143,1023
Qwen/Qwen2.5-1.5B,kivi_G64_b4,24,2413.7903809547424,1023
Qwen/Qwen2.5-1.5B,kivi_G64_b4,25,2339.4999639987946,1023
Qwen/Qwen2.5-1.5B,kivi_G64_b4,26,2526.4390540122986,1023
Qwen/Qwen2.5-1.5B,kivi_G64_b4,27,2527.052468061447,1023
Qwen/Qwen2.5-1.5B,kivi_G64_b4,28,2436.3959691524506,1023
Qwen/Qwen2.5-1.5B,kivi_G64_b4,29,2553.4648818969727,1023
Qwen/Qwen2.5-1.5B,kivi_G64_b4,30,2439.942551136017,1023
Qwen/Qwen2.5-1.5B,kivi_G64_b4,31,2640.91504240036,1023
Qwen/Qwen2.5-1.5B,kivi_G64_b4,32,2996.1137280464172,1023
Qwen/Qwen2.5-1.5B,kivi_G64_b4,33,2538.9802615642548,1023
Qwen/Qwen2.5-1.5B,kivi_G64_b4,34,2409.170629262924,1023
Qwen/Qwen2.5-1.5B,kivi_G64_b4,35,2657.3928315639496,1023
Qwen/Qwen2.5-1.5B,kivi_G64_b4,36,2530.5249037742615,1023
Qwen/Qwen2.5-1.5B,kivi_G64_b4,37,2237.7746951580048,1023
Qwen/Qwen2.5-1.5B,kivi_G64_b4,38,2356.8489718437195,1023
Qwen/Qwen2.5-1.5B,kivi_G64_b4,39,2071.828511953354,1023
Qwen/Qwen2.5-1.5B,kivi_causal_reencode_b4,0,1957.6580110788345,1023
Qwen/Qwen2.5-1.5B,kivi_causal_reencode_b4,1,2530.092465162277,1023
Qwen/Qwen2.5-1.5B,kivi_causal_reencode_b4,2,2427.530123949051,1023
Qwen/Qwen2.5-1.5B,kivi_causal_reencode_b4,3,2645.801623106003,1023
Qwen/Qwen2.5-1.5B,kivi_causal_reencode_b4,4,2935.275249481201,1023
Qwen/Qwen2.5-1.5B,kivi_causal_reencode_b4,5,2562.0226786136627,1023
Qwen/Qwen2.5-1.5B,kivi_causal_reencode_b4,6,2736.0015370845795,1023
Qwen/Qwen2.5-1.5B,kivi_causal_reencode_b4,7,2632.8616354465485,1023
Qwen/Qwen2.5-1.5B,kivi_causal_reencode_b4,8,2029.2462354898453,1023
Qwen/Qwen2.5-1.5B,kivi_causal_reencode_b4,9,2634.011634349823,1023
Qwen/Qwen2.5-1.5B,kivi_causal_reencode_b4,10,2157.8823323249817,1023
Qwen/Qwen2.5-1.5B,kivi_causal_reencode_b4,11,1638.8108761310577,1023
Qwen/Qwen2.5-1.5B,kivi_causal_reencode_b4,12,1747.5729675292969,1023
Qwen/Qwen2.5-1.5B,kivi_causal_reencode_b4,13,1710.5688564777374,1023
Qwen/Qwen2.5-1.5B,kivi_causal_reencode_b4,14,2235.507380247116,1023
Qwen/Qwen2.5-1.5B,kivi_causal_reencode_b4,15,2301.109025001526,1023
Qwen/Qwen2.5-1.5B,kivi_causal_reencode_b4,16,2253.129802465439,1023
Qwen/Qwen2.5-1.5B,kivi_causal_reencode_b4,17,2561.8236544132233,1023
Qwen/Qwen2.5-1.5B,kivi_causal_reencode_b4,18,2749.780792236328,1023
Qwen/Qwen2.5-1.5B,kivi_causal_reencode_b4,19,2278.2958760261536,1023
Qwen/Qwen2.5-1.5B,kivi_causal_reencode_b4,20,2289.915377140045,1023
Qwen/Qwen2.5-1.5B,kivi_causal_reencode_b4,21,2402.653562307358,1023
Qwen/Qwen2.5-1.5B,kivi_causal_reencode_b4,22,2135.266500234604,1023
Qwen/Qwen2.5-1.5B,kivi_causal_reencode_b4,23,2612.9484837055206,1023
Qwen/Qwen2.5-1.5B,kivi_causal_reencode_b4,24,2399.0989315509796,1023
Qwen/Qwen2.5-1.5B,kivi_causal_reencode_b4,25,2342.278254032135,1023
Qwen/Qwen2.5-1.5B,kivi_causal_reencode_b4,26,2513.8829684257507,1023
Qwen/Qwen2.5-1.5B,kivi_causal_reencode_b4,27,2545.8053770065308,1023
Qwen/Qwen2.5-1.5B,kivi_causal_reencode_b4,28,2436.1445059776306,1023
Qwen/Qwen2.5-1.5B,kivi_causal_reencode_b4,29,2557.0041468143463,1023
Qwen/Qwen2.5-1.5B,kivi_causal_reencode_b4,30,2435.8842623233795,1023
Qwen/Qwen2.5-1.5B,kivi_causal_reencode_b4,31,2645.6311354637146,1023
Qwen/Qwen2.5-1.5B,kivi_causal_reencode_b4,32,3009.3578617572784,1023
Qwen/Qwen2.5-1.5B,kivi_causal_reencode_b4,33,2547.4707412719727,1023
Qwen/Qwen2.5-1.5B,kivi_causal_reencode_b4,34,2409.9333114624023,1023
Qwen/Qwen2.5-1.5B,kivi_causal_reencode_b4,35,2645.357964992523,1023
Qwen/Qwen2.5-1.5B,kivi_causal_reencode_b4,36,2528.665637254715,1023
Qwen/Qwen2.5-1.5B,kivi_causal_reencode_b4,37,2224.8788537979126,1023
Qwen/Qwen2.5-1.5B,kivi_causal_reencode_b4,38,2361.03652882576,1023
Qwen/Qwen2.5-1.5B,kivi_causal_reencode_b4,39,2065.707054376602,1023
Qwen/Qwen2.5-1.5B,turbo_split_b4,0,7144.066845417023,1023
Qwen/Qwen2.5-1.5B,turbo_split_b4,1,7590.923492431641,1023
Qwen/Qwen2.5-1.5B,turbo_split_b4,2,7469.8445835113525,1023
Qwen/Qwen2.5-1.5B,turbo_split_b4,3,7692.218517780304,1023
Qwen/Qwen2.5-1.5B,turbo_split_b4,4,8259.355050086975,1023
Qwen/Qwen2.5-1.5B,turbo_split_b4,5,7645.5527086257935,1023
Qwen/Qwen2.5-1.5B,turbo_split_b4,6,8053.623051166534,1023
Qwen/Qwen2.5-1.5B,turbo_split_b4,7,7344.255434989929,1023
Qwen/Qwen2.5-1.5B,turbo_split_b4,8,7217.185312271118,1023
Qwen/Qwen2.5-1.5B,turbo_split_b4,9,8111.287386417389,1023
Qwen/Qwen2.5-1.5B,turbo_split_b4,10,7099.007863998413,1023
Qwen/Qwen2.5-1.5B,turbo_split_b4,11,6837.767625331879,1023
Qwen/Qwen2.5-1.5B,turbo_split_b4,12,5609.036602020264,1023
Qwen/Qwen2.5-1.5B,turbo_split_b4,13,6695.838492393494,1023
Qwen/Qwen2.5-1.5B,turbo_split_b4,14,7651.3092885017395,1023
Qwen/Qwen2.5-1.5B,turbo_split_b4,15,7242.368215084076,1023
Qwen/Qwen2.5-1.5B,turbo_split_b4,16,8063.182066440582,1023
Qwen/Qwen2.5-1.5B,turbo_split_b4,17,7801.139389514923,1023
Qwen/Qwen2.5-1.5B,turbo_split_b4,18,8645.858096122742,1023
Qwen/Qwen2.5-1.5B,turbo_split_b4,19,8649.645409584045,1023
Qwen/Qwen2.5-1.5B,turbo_split_b4,20,7782.368187904358,1023
Qwen/Qwen2.5-1.5B,turbo_split_b4,21,8750.881410598755,1023
Qwen/Qwen2.5-1.5B,turbo_split_b4,22,6261.665735721588,1023
Qwen/Qwen2.5-1.5B,turbo_split_b4,23,8235.83409690857,1023
Qwen/Qwen2.5-1.5B,turbo_split_b4,24,7456.227035522461,1023
Qwen/Qwen2.5-1.5B,turbo_split_b4,25,7559.527424812317,1023
Qwen/Qwen2.5-1.5B,turbo_split_b4,26,7916.609523296356,1023
Qwen/Qwen2.5-1.5B,turbo_split_b4,27,8030.24307346344,1023
Qwen/Qwen2.5-1.5B,turbo_split_b4,28,6994.441622257233,1023
Qwen/Qwen2.5-1.5B,turbo_split_b4,29,7564.835712432861,1023
Qwen/Qwen2.5-1.5B,turbo_split_b4,30,7281.010617256165,1023
Qwen/Qwen2.5-1.5B,turbo_split_b4,31,7627.905896186829,1023
Qwen/Qwen2.5-1.5B,turbo_split_b4,32,9092.738645553589,1023
Qwen/Qwen2.5-1.5B,turbo_split_b4,33,7671.569756984711,1023
Qwen/Qwen2.5-1.5B,turbo_split_b4,34,7490.285051822662,1023
Qwen/Qwen2.5-1.5B,turbo_split_b4,35,7339.936902523041,1023
Qwen/Qwen2.5-1.5B,turbo_split_b4,36,7589.163006305695,1023
Qwen/Qwen2.5-1.5B,turbo_split_b4,37,8575.190846443176,1023
Qwen/Qwen2.5-1.5B,turbo_split_b4,38,8158.507341384888,1023
Qwen/Qwen2.5-1.5B,turbo_split_b4,39,6646.891709804535,1023
Qwen/Qwen2.5-1.5B,q4_0,0,7993.699205875397,1023
Qwen/Qwen2.5-1.5B,q4_0,1,8377.958839416504,1023
Qwen/Qwen2.5-1.5B,q4_0,2,8412.038806915283,1023
Qwen/Qwen2.5-1.5B,q4_0,3,8082.72790145874,1023
Qwen/Qwen2.5-1.5B,q4_0,4,8210.31802368164,1023
Qwen/Qwen2.5-1.5B,q4_0,5,8964.904621124268,1023
Qwen/Qwen2.5-1.5B,q4_0,6,8058.560119628906,1023
Qwen/Qwen2.5-1.5B,q4_0,7,8293.124773979187,1023
Qwen/Qwen2.5-1.5B,q4_0,8,7724.498486995697,1023
Qwen/Qwen2.5-1.5B,q4_0,9,8734.29898738861,1023
Qwen/Qwen2.5-1.5B,q4_0,10,7905.7890458106995,1023
Qwen/Qwen2.5-1.5B,q4_0,11,6891.4934277534485,1023
Qwen/Qwen2.5-1.5B,q4_0,12,7003.455272197723,1023
Qwen/Qwen2.5-1.5B,q4_0,13,6806.717898845673,1023
Qwen/Qwen2.5-1.5B,q4_0,14,8989.215817451477,1023
Qwen/Qwen2.5-1.5B,q4_0,15,7493.702609539032,1023
Qwen/Qwen2.5-1.5B,q4_0,16,7611.006400108337,1023
Qwen/Qwen2.5-1.5B,q4_0,17,7878.163706302643,1023
Qwen/Qwen2.5-1.5B,q4_0,18,8191.855602264404,1023
Qwen/Qwen2.5-1.5B,q4_0,19,7690.271690368652,1023
Qwen/Qwen2.5-1.5B,q4_0,20,7720.938002586365,1023
Qwen/Qwen2.5-1.5B,q4_0,21,8236.513120651245,1023
Qwen/Qwen2.5-1.5B,q4_0,22,7328.6247181892395,1023
Qwen/Qwen2.5-1.5B,q4_0,23,7954.900218486786,1023
Qwen/Qwen2.5-1.5B,q4_0,24,7831.206677913666,1023
Qwen/Qwen2.5-1.5B,q4_0,25,8384.84663772583,1023
Qwen/Qwen2.5-1.5B,q4_0,26,8922.455881118774,1023
Qwen/Qwen2.5-1.5B,q4_0,27,11425.257396697998,1023
Qwen/Qwen2.5-1.5B,q4_0,28,8040.0157470703125,1023
Qwen/Qwen2.5-1.5B,q4_0,29,7993.076767444611,1023
Qwen/Qwen2.5-1.5B,q4_0,30,10293.762866020203,1023
Qwen/Qwen2.5-1.5B,q4_0,31,9128.304465293884,1023
Qwen/Qwen2.5-1.5B,q4_0,32,8698.780972480774,1023
Qwen/Qwen2.5-1.5B,q4_0,33,8502.358720779419,1023
Qwen/Qwen2.5-1.5B,q4_0,34,9117.088866233826,1023
Qwen/Qwen2.5-1.5B,q4_0,35,8085.85716676712,1023
Qwen/Qwen2.5-1.5B,q4_0,36,8429.911960601807,1023
Qwen/Qwen2.5-1.5B,q4_0,37,8317.823287010193,1023
Qwen/Qwen2.5-1.5B,q4_0,38,8634.198595046997,1023
Qwen/Qwen2.5-1.5B,q4_0,39,7958.566068649292,1023
Qwen/Qwen2.5-1.5B,mlx_b4,0,10349.18427658081,1023
Qwen/Qwen2.5-1.5B,mlx_b4,1,10766.318512916565,1023
Qwen/Qwen2.5-1.5B,mlx_b4,2,9576.033794403076,1023
Qwen/Qwen2.5-1.5B,mlx_b4,3,9853.351578712463,1023
Qwen/Qwen2.5-1.5B,mlx_b4,4,9928.330043792725,1023
Qwen/Qwen2.5-1.5B,mlx_b4,5,10148.01471233368,1023
Qwen/Qwen2.5-1.5B,mlx_b4,6,10424.805667877197,1023
Qwen/Qwen2.5-1.5B,mlx_b4,7,9711.961469650269,1023
Qwen/Qwen2.5-1.5B,mlx_b4,8,8658.363450050354,1023
Qwen/Qwen2.5-1.5B,mlx_b4,9,9409.514928817749,1023
Qwen/Qwen2.5-1.5B,mlx_b4,10,9658.604447364807,1023
Qwen/Qwen2.5-1.5B,mlx_b4,11,7725.846290588379,1023
Qwen/Qwen2.5-1.5B,mlx_b4,12,7980.7187304496765,1023
Qwen/Qwen2.5-1.5B,mlx_b4,13,8352.501302719116,1023
Qwen/Qwen2.5-1.5B,mlx_b4,14,8425.592940330505,1023
Qwen/Qwen2.5-1.5B,mlx_b4,15,8805.76330947876,1023
Qwen/Qwen2.5-1.5B,mlx_b4,16,9121.264472007751,1023
Qwen/Qwen2.5-1.5B,mlx_b4,17,9373.091548919678,1023
Qwen/Qwen2.5-1.5B,mlx_b4,18,9423.208574295044,1023
Qwen/Qwen2.5-1.5B,mlx_b4,19,9208.223413467407,1023
Qwen/Qwen2.5-1.5B,mlx_b4,20,9021.890908241272,1023
Qwen/Qwen2.5-1.5B,mlx_b4,21,10614.743047714233,1023
Qwen/Qwen2.5-1.5B,mlx_b4,22,8729.8960647583,1023
Qwen/Qwen2.5-1.5B,mlx_b4,23,9122.436178207397,1023
Qwen/Qwen2.5-1.5B,mlx_b4,24,10321.205766677856,1023
Qwen/Qwen2.5-1.5B,mlx_b4,25,9307.063319206238,1023
Qwen/Qwen2.5-1.5B,mlx_b4,26,8647.104924201965,1023
Qwen/Qwen2.5-1.5B,mlx_b4,27,10644.05228805542,1023
Qwen/Qwen2.5-1.5B,mlx_b4,28,8952.94073009491,1023
Qwen/Qwen2.5-1.5B,mlx_b4,29,10783.420935630798,1023
Qwen/Qwen2.5-1.5B,mlx_b4,30,9076.666465759277,1023
Qwen/Qwen2.5-1.5B,mlx_b4,31,10810.24725151062,1023
Qwen/Qwen2.5-1.5B,mlx_b4,32,9301.408690452576,1023
Qwen/Qwen2.5-1.5B,mlx_b4,33,11132.284993171692,1023
Qwen/Qwen2.5-1.5B,mlx_b4,34,9166.516136169434,1023
Qwen/Qwen2.5-1.5B,mlx_b4,35,9013.60311126709,1023
Qwen/Qwen2.5-1.5B,mlx_b4,36,9270.061403274536,1023
Qwen/Qwen2.5-1.5B,mlx_b4,37,10124.174735069275,1023
Qwen/Qwen2.5-1.5B,mlx_b4,38,9294.836989402771,1023
Qwen/Qwen2.5-1.5B,mlx_b4,39,9186.38440990448,1023
