model,config,nll,ppl,delta_ppl
gpt2,exact,3.4444284796714784,31.325375240956255,0.0
gpt2,fp16,3.444429963827133,31.32542173272356,4.649176730353588e-05
gpt2,turbo_b2,4.391807818412781,80.78633406897607,49.46095882801982
gpt2,turbo_b3,3.633124625682831,37.83083934495475,6.5054641039984915
gpt2,turbo_b4,3.485518878698349,32.63935858468611,1.313983343729852
gpt2,turbo_b8,3.444465297460556,31.32652859324646,0.0011533522902062998
gpt2,turbo_K8V3,3.461830049753189,31.875256476034675,0.5498812350784199
gpt2,turbo_K4V2,3.5609768331050873,35.19756250203519,3.8721872610789347
gpt2,turbo_b5,3.453437614440918,31.60886484880808,0.2834896078518234
gpt2,rotate_rtn_b3,3.698077791929245,40.36963090137697,9.044255660420717
gpt2,naive_rtn_b3,3.761636656522751,43.01877535346113,11.693400112504875
gpt2,rotate_rtn_b4,3.476519173383713,32.34693182683726,1.021556585881008
gpt2,naive_rtn_b4,3.483433896303177,32.57137699148702,1.2460017505307661
gpt2,kivi_G64_b4,3.450151401758194,31.505161884579245,0.17978664362298957
