method,bits,dim,batch,phase,api,wall_us_median,wall_us_p10,wall_us_p90,sustained_wall_us_per_call,ns_per_vector_sustained,input_gb_per_s_sustained
turboQuant,2,64,1,encode,pytorch_mps,193.85403720661998,177.38373135216534,201.47109171375632,57.266937801614404,57266.937801614404,0.004470293153910931
turboQuant,2,64,1,decode,pytorch_mps,144.6249953005463,139.59640637040138,147.45888183824718,31.68356306559872,31683.56306559872,0.008079899330449955
turboQuant,4,64,1,encode,pytorch_mps,195.16650354489684,169.65376562438905,202.93399575166404,56.7591268918477,56759.1268918477,0.0045102878430071346
turboQuant,4,64,1,decode,pytorch_mps,148.29100109636784,143.71731085702777,166.21658578515053,34.7643144777976,34764.3144777976,0.00736387309358554
turboQuant,8,64,1,encode,pytorch_mps,195.29199926182628,167.40422579459846,204.22021625563502,57.36850107496139,57368.50107496139,0.004462379096596822
turboQuant,8,64,1,decode,pytorch_mps,160.41650087572634,153.23396655730903,166.4589042775333,33.201811675098725,33201.811675098725,0.007710422627088129
polarQuant,2,64,1,encode,pytorch_mps,277.41651865653694,246.7463840730488,285.62499210238457,134.8971236438956,134897.1236438956,0.0018977424654049292
polarQuant,2,64,1,decode,pytorch_mps,204.00001085363328,176.17949633859098,213.69097521528602,73.07287523872219,73072.87523872219,0.0035033519505517216
polarQuant,4,64,1,encode,pytorch_mps,275.2915024757385,256.9875039625913,287.1830074582249,131.9778439210495,131977.8439210495,0.0019397195195364901
polarQuant,4,64,1,decode,pytorch_mps,189.66651987284422,173.5839294269681,212.704244768247,70.64581222948618,70645.81222948618,0.003623710902613851
polarQuant,8,64,1,encode,pytorch_mps,258.24998738244176,239.48808666318655,286.32472385652363,133.17968659976032,133179.68659976032,0.0019222150654952864
polarQuant,8,64,1,decode,pytorch_mps,197.1875026356429,171.05406732298434,211.59187890589237,70.89193786669057,70891.93786669057,0.003611129949380107
turboQuant,2,64,16,encode,pytorch_mps,195.93752222135663,184.3914098571986,222.37441153265536,73.92056249955203,4620.035156222002,0.055410833758534
turboQuant,2,64,16,decode,pytorch_mps,200.60449605807662,172.25889023393393,217.72917243652046,72.0494681445416,4503.09175903385,0.05684982978337653
turboQuant,4,64,16,encode,pytorch_mps,216.9164945371449,187.1666987426579,230.55060300976038,76.88675032113679,4805.421895071049,0.05327315802647438
turboQuant,4,64,16,decode,pytorch_mps,186.10447295941412,176.94521811790764,205.57879470288754,71.25000047381036,4453.1250296131475,0.05748771891595401
turboQuant,8,64,16,encode,pytorch_mps,210.9999768435955,188.0250289104879,226.0663837660104,77.12759361311328,4820.47460081958,0.05310680403885434
turboQuant,8,64,16,decode,pytorch_mps,184.45850582793355,173.48301480524242,210.64577740617096,73.37500210269354,4585.937631418346,0.05582282633896699
polarQuant,2,64,16,encode,pytorch_mps,279.3959865812212,260.23717946372926,307.9538932070136,193.74481053091586,12109.050658182241,0.021141211415035045
polarQuant,2,64,16,decode,pytorch_mps,216.64603264071047,203.0460978858173,230.07559939287603,97.688811365515,6105.550710344687,0.04192905966144168
polarQuant,4,64,16,encode,pytorch_mps,281.56250482425094,258.17849673330784,310.0625006482005,163.8515623199055,10240.722644994094,0.02499823585449205
polarQuant,4,64,16,decode,pytorch_mps,228.62499463371933,203.2793767284602,252.91279889643192,98.82812446448952,6176.757779030595,0.04144569192418254
polarQuant,8,64,16,encode,pytorch_mps,276.396021945402,254.22439211979508,299.27498544566333,168.97006389626767,10560.62899351673,0.024240980358003376
polarQuant,8,64,16,decode,pytorch_mps,243.58299560844898,209.23783886246383,251.12076546065512,101.73177906835917,6358.236191772448,0.04026273832533365
turboQuant,2,64,256,encode,pytorch_mps,216.0205040127039,190.15826401300728,230.37083446979523,84.78775089315604,331.2021519263908,0.7729418378202314
turboQuant,2,64,256,decode,pytorch_mps,193.33302043378353,183.17109788767993,205.6127937976271,76.79818736505695,299.9929193947537,0.8533534741969545
turboQuant,4,64,256,encode,pytorch_mps,217.10401051677763,196.62879058159888,230.25000700727105,86.87499939696863,339.3554663944087,0.7543712282579512
turboQuant,4,64,256,decode,pytorch_mps,205.2710042335093,187.6005670055747,217.18720090575516,72.80206227733288,284.38305577083156,0.900194279529425
turboQuant,8,64,256,encode,pytorch_mps,226.29150771535933,200.88363089598715,239.00349042378366,90.34503273142036,352.9102841071108,0.7253968261301849
turboQuant,8,64,256,decode,pytorch_mps,200.41651441715658,178.95872006192803,216.75858879461884,73.99865717161447,289.057254576619,0.8856376926950412
polarQuant,2,64,256,encode,pytorch_mps,311.249983496964,287.0919997803867,321.55480002984405,195.2083421201678,762.5325864069055,0.3357233573535339
polarQuant,2,64,256,decode,pytorch_mps,254.95848967693746,230.24157853797078,268.90450972132385,116.00650032050908,453.1503918769886,0.5649338599038293
polarQuant,4,64,256,encode,pytorch_mps,309.56248519942164,288.75769348815084,325.1586284022778,169.43621631071437,661.860219963728,0.3867886183188795
polarQuant,4,64,256,decode,pytorch_mps,256.22901739552617,241.90450785681605,265.02441614866257,115.82943807297852,452.45874247257234,0.5657974439857761
polarQuant,8,64,256,encode,pytorch_mps,308.12498880550265,293.1291935965419,325.89108450338244,205.87240578606725,804.1890851018252,0.3183330944706688
polarQuant,8,64,256,decode,pytorch_mps,253.3544902689755,218.36633095517755,267.391896340996,113.88934581191279,444.88025707778434,0.5754357401282478
turboQuant,2,64,4096,encode,pytorch_mps,349.33348069898784,344.27089849486947,354.5326995663345,215.86331240541767,52.701004005228924,4.85759246587788
turboQuant,2,64,4096,decode,pytorch_mps,506.81247375905514,486.9578406214714,515.0624958332628,357.58071862801444,87.29998013379259,2.9324176203438332
turboQuant,4,64,4096,encode,pytorch_mps,386.041501769796,355.62467528507113,391.4497385267168,228.09243819210678,55.68663041799482,4.5971537167613405
turboQuant,4,64,4096,decode,pytorch_mps,499.72900887951255,471.896433737129,508.07438092306256,345.09115721448325,84.2507708043172,3.038547867942853
turboQuant,8,64,4096,encode,pytorch_mps,375.3335040528327,364.7423058282584,404.6250192914158,239.66274966369383,58.51141349211275,4.375214761039886
turboQuant,8,64,4096,decode,pytorch_mps,469.3125083576888,441.1746864207089,514.9130884092301,317.6926875312347,77.56169129180535,3.3005984750495925
polarQuant,2,64,4096,encode,pytorch_mps,462.7295129466802,447.79593008570373,496.00479542277753,306.4986885874532,74.8287813934212,3.421143512334507
polarQuant,2,64,4096,decode,pytorch_mps,551.4795193448663,516.6125250980258,584.9076784215868,400.3150952485157,97.73317755090716,2.61937661718463
polarQuant,4,64,4096,encode,pytorch_mps,466.9165064115077,448.97886109538376,497.2291993908584,337.69793662941083,82.44578530991475,3.105070793342471
polarQuant,4,64,4096,decode,pytorch_mps,543.0209857877344,530.9288739226758,574.4577618315816,388.067688618321,94.74308804158227,2.702044078272421
polarQuant,8,64,4096,encode,pytorch_mps,467.4585070461035,441.0708788782358,523.0340000707656,323.9453126298031,79.08821109126052,3.2368920281253994
polarQuant,8,64,4096,decode,pytorch_mps,512.0415007695556,488.7833259999752,523.8921963609755,362.87631337472703,88.59284994500172,2.8896237129624383
turboQuant,2,128,1,encode,pytorch_mps,199.6045175474137,188.37497918866575,209.2375187203288,57.58465522376355,57584.65522376355,0.008891257540927539
turboQuant,2,128,1,decode,pytorch_mps,157.64552517794073,149.86637979745865,166.91703931428492,33.25784382468555,33257.84382468555,0.01539486452275566
turboQuant,4,128,1,encode,pytorch_mps,196.0835070349276,174.65411801822484,206.73340768553317,57.16668783861678,57166.68783861678,0.008956264904578536
turboQuant,4,128,1,decode,pytorch_mps,165.08300905115902,160.01721960492432,170.9077274426818,34.89840673864819,34898.40673864819,0.014671156876425144
turboQuant,8,128,1,encode,pytorch_mps,198.77150771208107,175.52467761561275,206.5416774712503,58.79037416889332,58790.37416889332,0.00870890868170227
turboQuant,8,128,1,decode,pytorch_mps,162.37498493865132,155.74999270029366,165.98753281868994,33.973969038925134,33973.969038925134,0.015070361646982847
polarQuant,2,128,1,encode,pytorch_mps,276.4579840004444,246.02498160675168,289.9743791203946,132.39062536740676,132390.62536740676,0.003867343315126067
polarQuant,2,128,1,decode,pytorch_mps,203.39598995633423,174.62496762163937,217.74189663119614,71.19790643628221,71197.90643628221,0.007191222686557628
polarQuant,4,128,1,encode,pytorch_mps,251.5834930818528,240.76252593658864,284.5077950041741,131.8854065175401,131885.4065175401,0.003882158106188243
polarQuant,4,128,1,decode,pytorch_mps,188.74998204410076,180.5914391297847,209.0756082907319,73.32159293582663,73321.59293582663,0.006982936124261764
polarQuant,8,128,1,encode,pytorch_mps,274.0624768193811,246.0622112266719,283.2836762536317,134.9335925624473,134933.5925624473,0.0037944591133823573
polarQuant,8,128,1,decode,pytorch_mps,202.02097948640585,178.4039195626974,213.0588865838945,69.32293581485283,69322.93581485283,0.007385722978718699
turboQuant,2,128,16,encode,pytorch_mps,217.1250234823674,196.89128967002034,228.5787952132523,74.92968870792538,4683.105544245336,0.10932916099427922
turboQuant,2,128,16,decode,pytorch_mps,204.18752683326602,180.80450827255845,212.19561458565295,74.78256156900898,4673.910098063061,0.10954425507931367
turboQuant,4,128,16,encode,pytorch_mps,215.62501206062734,201.25799346715212,227.7038642205298,76.37759517820086,4773.599698637554,0.10725658461603542
turboQuant,4,128,16,decode,pytorch_mps,202.22898456268013,177.5287848431617,207.28301024064422,75.12762385886163,4695.476491178852,0.10904111669217552
turboQuant,8,128,16,encode,pytorch_mps,215.39602312259376,189.7496695164591,229.8255974892527,80.20181303436402,5012.613314647751,0.1021423293322556
turboQuant,8,128,16,decode,pytorch_mps,203.54148000478745,189.52498794533312,213.74549833126366,75.09115675929934,4693.197297456209,0.10909407117350736
polarQuant,2,128,16,encode,pytorch_mps,295.1664791908115,265.5128308106214,309.55387628637254,165.90493760304525,10369.058600190328,0.049377674458373884
polarQuant,2,128,16,decode,pytorch_mps,227.2294950671494,216.8912731576711,234.18720811605453,101.75131319556385,6359.457074722741,0.08051001744080837
polarQuant,4,128,16,encode,pytorch_mps,295.3125222120434,272.2456119954586,311.0326884780079,161.9375016161939,10121.09385101212,0.05058741748045341
polarQuant,4,128,16,decode,pytorch_mps,235.22949777543545,214.7285849787295,252.41306866519153,104.63671787874773,6539.794867421733,0.07828991740253961
polarQuant,8,128,16,encode,pytorch_mps,279.87451176159084,264.55059996806085,308.7836434133351,148.9700316597009,9310.626978731307,0.0549909260858141
polarQuant,8,128,16,decode,pytorch_mps,244.27048629149795,229.2118559125811,253.73330572620034,106.44140638760291,6652.587899225182,0.07696253063557898
turboQuant,2,128,256,encode,pytorch_mps,229.5419981237501,207.90830603800714,243.9249656163156,94.67837480769958,369.8374015925765,1.384392162056216
turboQuant,2,128,256,decode,pytorch_mps,240.24950107559562,224.48719828389585,245.78809970989826,101.02993655891623,394.64818968326654,1.297358035294465
turboQuant,4,128,256,encode,pytorch_mps,223.87452190741897,202.82917539589107,244.55002858303487,93.9257788559189,366.89757365593323,1.3954848349041957
turboQuant,4,128,256,decode,pytorch_mps,239.0625304542482,208.3164406940341,247.7083180565387,99.7252827801276,389.55188585987344,1.3143306927390224
turboQuant,8,128,256,encode,pytorch_mps,237.87497775629163,223.41670701280236,247.58302606642246,103.28643838874996,403.4626499560545,1.2690146164849891
turboQuant,8,128,256,decode,pytorch_mps,224.1455076728016,199.78340715169907,235.8793921303004,90.74999979929999,354.49218671601557,1.4443195624228644
polarQuant,2,128,256,encode,pytorch_mps,315.41651696898043,298.44199889339507,326.73748792149127,180.92446953232866,706.7362091106588,0.7244570087109156
polarQuant,2,128,256,decode,pytorch_mps,277.2084844764322,253.76638513989747,290.7125046476722,137.2356891806703,536.0769108619934,0.9550868347915255
polarQuant,4,128,256,encode,pytorch_mps,310.1250040344894,285.5003403965384,327.25483761169016,180.95962332154159,706.8735285997718,0.7243162733992996
polarQuant,4,128,256,decode,pytorch_mps,275.1880092546344,240.9332722891122,290.32082529738545,136.33465641760267,532.5572516312604,0.9613989827980144
polarQuant,8,128,256,encode,pytorch_mps,323.8334902562201,304.84937014989555,336.68295363895595,220.56381385482382,861.5773978704055,0.5942588573766331
polarQuant,8,128,256,decode,pytorch_mps,257.95798865146935,238.55025647208095,279.44943867623806,129.01821719424333,503.977410915013,1.01591854894929
turboQuant,2,128,4096,encode,pytorch_mps,522.7914953138679,513.0334349814802,557.4787734076381,370.8763124450343,90.54597471802595,5.654585988990085
turboQuant,2,128,4096,decode,pytorch_mps,881.7079942673445,830.9709141030908,947.6083214394748,660.8372186747147,161.3372115905065,3.17347743246932
turboQuant,4,128,4096,encode,pytorch_mps,535.6460169423372,513.3003287483007,548.8916882313788,383.97787466237787,93.7445983062446,5.461648022933543
turboQuant,4,128,4096,decode,pytorch_mps,846.0624958388507,807.6914120465517,924.3163745850325,637.4635631800629,155.63075272950755,3.2898382294010773
turboQuant,8,128,4096,encode,pytorch_mps,554.1875143535435,535.3463988285512,587.7959250938147,409.75781485030893,100.0385290161887,5.118028074134775
turboQuant,8,128,4096,decode,pytorch_mps,742.020522011444,725.087191676721,811.2076902762055,576.0989988630172,140.6491696442913,3.6402632258325682
polarQuant,2,128,4096,encode,pytorch_mps,637.9789847414941,586.8547013960779,1058.000564808026,515.4387818038231,125.839546338824,4.068673281938222
polarQuant,2,128,4096,decode,pytorch_mps,943.5204847250134,906.8128012586385,1017.6913812756538,729.052060705726,177.9912257582339,2.876546289396599
polarQuant,4,128,4096,encode,pytorch_mps,646.1250013671815,613.5076866485178,802.725285757333,512.8008124302141,125.19551084722025,4.089603505231179
polarQuant,4,128,4096,decode,pytorch_mps,943.0005156900734,882.5548167806119,999.8167166486381,706.786437149276,172.55528250714747,2.9671650300175094
polarQuant,8,128,4096,encode,pytorch_mps,617.5204762257636,607.5046898331493,690.9163494128734,480.2356561413035,117.24503323762292,4.366922724669446
polarQuant,8,128,4096,decode,pytorch_mps,841.7079807259142,815.828813938424,910.1662843022496,653.3580944960704,159.5112535390797,3.209804879845432
turboQuant,2,256,1,encode,pytorch_mps,197.25001766346395,170.48328882083297,204.5546832960099,58.52081267221365,58520.81267221365,0.017498048185619383
turboQuant,2,256,1,decode,pytorch_mps,163.10400678776205,143.37879256345332,170.4371941741556,36.009094401379116,36009.094401379116,0.02843726055939862
turboQuant,4,256,1,encode,pytorch_mps,199.47902183048427,181.40405882149935,208.07088585570455,58.38149991177488,58381.49991177488,0.017539802875010942
turboQuant,4,256,1,decode,pytorch_mps,161.8335081730038,143.45796662382782,170.00000807456672,35.912749808630906,35912.749808630906,0.028513550353470907
turboQuant,8,256,1,encode,pytorch_mps,194.39600873738527,170.38810765370727,206.84173214249313,59.06246951781213,59062.46951781213,0.01733757508549792
turboQuant,8,256,1,decode,pytorch_mps,162.24998398683965,142.93341082520783,169.41280919127166,35.15365642670076,35153.65642670076,0.029129260056778232
polarQuant,2,256,1,encode,pytorch_mps,277.43750251829624,242.2159886918962,292.2415907960385,138.99999976274557,138999.99976274557,0.007366906487394469
polarQuant,2,256,1,decode,pytorch_mps,202.66699721105397,174.46698620915413,212.65779505483806,71.72393634391483,71723.93634391483,0.014276963203608077
polarQuant,4,256,1,encode,pytorch_mps,271.97948656976223,244.05387230217457,289.43329816684127,134.64971743815113,134649.71743815113,0.007604917555585332
polarQuant,4,256,1,decode,pytorch_mps,208.8960027322173,198.96247540600598,215.87078808806837,74.10806392726954,74108.06392726954,0.013817659587018288
polarQuant,8,256,1,encode,pytorch_mps,276.0830393526703,241.3916285149753,286.20800003409386,133.0508130195085,133050.8130195085,0.0076963077245522475
polarQuant,8,256,1,decode,pytorch_mps,199.93699970655143,182.54532478749752,208.87498976662755,71.09112448233645,71091.12448233645,0.01440404843018662
turboQuant,2,256,16,encode,pytorch_mps,220.62548669055104,193.46281187608838,230.79971433617175,76.56118577870075,4785.074111168797,0.2139987754024313
turboQuant,2,256,16,decode,pytorch_mps,203.33353313617408,184.8663145210594,220.32148553989828,75.52343959105201,4720.214974440751,0.21693927194943557
turboQuant,4,256,16,encode,pytorch_mps,207.58301252499223,188.887509284541,230.3662826307118,83.99218677368481,5249.5116733553,0.19506576301134232
turboQuant,4,256,16,decode,pytorch_mps,191.56301277689636,182.25834355689585,200.4078181926161,68.79037391627207,4299.398369767005,0.23817285860288706
turboQuant,8,256,16,encode,pytorch_mps,205.87450126186013,194.37939045019448,226.97923704981804,85.56771899748128,5347.98243734258,0.19147407681256842
turboQuant,8,256,16,decode,pytorch_mps,205.12501941993833,179.9289311747998,213.16249622032046,75.7890611566836,4736.816322292725,0.21617895445529142
polarQuant,2,256,16,encode,pytorch_mps,301.4590183738619,273.44939298927784,318.0875035468489,158.05468683538493,9878.417927211558,0.10366032370216298
polarQuant,2,256,16,decode,pytorch_mps,250.85447123274207,219.83308834023774,267.4246788956225,112.63540727668442,7039.712954792776,0.14546047638246962
polarQuant,4,256,16,encode,pytorch_mps,304.9375081900507,274.246116168797,324.51702281832695,171.36590759037063,10710.369224398164,0.0956082818944592
polarQuant,4,256,16,decode,pytorch_mps,244.5004938635975,215.79128806479275,258.9958952739835,111.14193694083951,6946.37105880247,0.1474151022644238
polarQuant,8,256,16,encode,pytorch_mps,305.31201628036797,280.50828259438276,317.8669256158173,167.5000003160676,10468.750019754225,0.09781492518856043
polarQuant,8,256,16,decode,pytorch_mps,249.8539979569614,234.20830257236958,260.27942658402026,109.897157017258,6868.572313578625,0.1490848393596487
turboQuant,2,256,256,encode,pytorch_mps,259.7710117697716,225.9878267068416,273.4128385782242,115.62112376850564,451.64501472072516,2.2672673595947708
turboQuant,2,256,256,decode,pytorch_mps,282.14548365212977,269.5875125937164,303.1039086636156,148.90234524500556,581.649786113303,1.7605095444847787
turboQuant,4,256,256,encode,pytorch_mps,263.16699222661555,242.08715767599642,277.1464816760272,122.46353071532212,478.37316685672704,2.1405882916227372
turboQuant,4,256,256,decode,pytorch_mps,271.20800223201513,256.04157126508653,294.928508810699,146.31640624429565,571.5484618917799,1.7916241023738242
turboQuant,8,256,256,encode,pytorch_mps,270.8539832383394,245.61250465922058,282.62092382647097,125.1340945600532,488.8050568752078,2.0949046774314115
turboQuant,8,256,256,decode,pytorch_mps,274.27103486843407,261.59645640291274,289.18334865011275,134.8254991171416,526.6621059263343,1.9443206345725388
polarQuant,2,256,256,encode,pytorch_mps,348.91648101620376,321.77858520299196,364.4085780251771,225.1979040011065,879.6793125043223,1.1640605678048936
polarQuant,2,256,256,decode,pytorch_mps,335.16701660118997,302.4121804628521,350.7910994812846,185.55078167992178,724.8077409371945,1.4127884432855842
polarQuant,4,256,256,encode,pytorch_mps,353.3744893502444,317.54173105582595,371.8743857461959,225.45440515386872,880.6812701322997,1.1627362074433243
polarQuant,4,256,256,decode,pytorch_mps,331.1455075163394,302.091334015131,347.42047428153455,184.81640654499643,721.9390880663923,1.4184022127720408
polarQuant,8,256,256,encode,pytorch_mps,347.9580336716026,324.9125031288713,364.29608007892966,240.12368703552056,937.9831524825022,1.0917040431801386
polarQuant,8,256,256,decode,pytorch_mps,325.16647479496896,297.88720421493053,338.5631076525897,176.58856268099044,689.7990729726189,1.4844902524834895
turboQuant,2,256,4096,encode,pytorch_mps,944.3330054637045,904.1083627380431,1013.1749731954187,729.644532839302,178.1358722752202,5.748421061524983
turboQuant,2,256,4096,decode,pytorch_mps,1497.2914941608906,1474.233716726303,1565.4913906473666,1289.789091970306,314.88991503181296,3.251930122616174
turboQuant,4,256,4096,encode,pytorch_mps,964.395992923528,922.5753019563854,1037.3249591793865,756.3372182630701,184.65264117750735,5.545547539802718
turboQuant,4,256,4096,decode,pytorch_mps,1442.9794973693788,1411.8538878392428,1511.20470254682,1240.967438207008,302.9705659685078,3.3798662808268953
turboQuant,8,256,4096,encode,pytorch_mps,978.9374889805913,952.8545080684125,1045.7833122927696,804.2838435358135,196.35836023823572,5.214954936258438
turboQuant,8,256,4096,decode,pytorch_mps,1332.1249862201512,1289.1708815004677,1408.8542258832604,1136.5533755451906,277.47885145146256,3.690371336927352
polarQuant,2,256,4096,encode,pytorch_mps,1065.728982212022,1015.4584189876914,1131.820777663961,887.1314694260946,216.58483140285512,4.727939594695463
polarQuant,2,256,4096,decode,pytorch_mps,1609.249971807003,1586.700271582231,1673.1076990254223,1391.3762813899666,339.6914749487223,3.014500143562851
polarQuant,4,256,4096,encode,pytorch_mps,1085.2499981410801,1020.137791056186,1143.553585279733,888.7643434718484,216.98348229293174,4.719253231532071
polarQuant,4,256,4096,decode,pytorch_mps,1558.7085217703134,1522.549387300387,1626.8375155050308,1345.4974050546298,328.4905774059155,3.1172888065359765
polarQuant,8,256,4096,encode,pytorch_mps,1082.8960221260786,1024.954131571576,1149.2756137158722,897.4349075288046,219.10031922089956,4.67365818380023
polarQuant,8,256,4096,decode,pytorch_mps,1463.1875092163682,1435.3124890476465,1532.137196045369,1240.010438777972,302.7369235297783,3.3824747508847417
turboQuant,2,512,1,encode,pytorch_mps,191.87500583939254,175.99969869479537,210.2625265251845,59.69918674963992,59699.18674963992,0.03430532493832259
turboQuant,2,512,1,decode,pytorch_mps,169.72949379123747,152.46689436025918,176.03777232579887,41.257813791162334,41257.813791162334,0.04963908195345759
turboQuant,4,512,1,encode,pytorch_mps,202.0414685830474,182.67440027557313,215.6875387299806,58.985655414289795,58985.655414289795,0.03472030590515154
turboQuant,4,512,1,decode,pytorch_mps,169.06249220483005,151.85379888862371,176.4371816534549,40.73956188221928,40739.56188221928,0.05027054551840545
turboQuant,8,512,1,encode,pytorch_mps,205.68753825500607,180.17947440966964,214.14199727587402,60.51562377251685,60515.62377251685,0.03384250004095799
turboQuant,8,512,1,decode,pytorch_mps,166.3954753894359,147.82121288590133,174.79191883467138,41.033874367713,41033.874367713,0.04990998367951927
polarQuant,2,512,1,encode,pytorch_mps,282.0210065692663,272.5711325183511,292.84937190823257,136.78124923899304,136781.24923899304,0.014972812511907987
polarQuant,2,512,1,decode,pytorch_mps,212.0629942510277,198.47119110636413,220.35001311451197,79.02475044829771,79024.75044829771,0.02591593125422032
polarQuant,4,512,1,encode,pytorch_mps,281.66701667942107,265.74101648293436,290.90355383232236,137.78256288787816,137782.56288787816,0.014863999892835345
polarQuant,4,512,1,decode,pytorch_mps,206.77101565524936,177.95771709643304,213.8750220183283,76.54034379811492,76540.34379811492,0.02675713092433796
polarQuant,8,512,1,encode,pytorch_mps,280.1039954647422,253.5125066060573,290.1460975408554,137.13147018279415,137131.47018279415,0.014934573349720873
polarQuant,8,512,1,decode,pytorch_mps,212.35400345176458,199.57529730163515,224.6165939141065,77.94140583428089,77941.40583428089,0.026276149090182697
turboQuant,2,512,16,encode,pytorch_mps,223.49998471327126,197.65799515880644,233.99941273964942,88.3046886883676,5519.043043022975,0.37107882363574357
turboQuant,2,512,16,decode,pytorch_mps,222.08347218111157,202.2086933720857,228.28687215223908,78.85287413955666,4928.304633722291,0.41555872702884633
turboQuant,4,512,16,encode,pytorch_mps,223.0835088994354,208.84096738882363,230.96671211533248,90.49868822330609,5656.168013956631,0.3620825963702894
turboQuant,4,512,16,decode,pytorch_mps,196.35350327007473,186.0208169091493,206.83337934315205,73.07681335078087,4567.300834423804,0.4484048838132575
turboQuant,8,512,16,encode,pytorch_mps,220.1874740421772,195.7872067578137,236.24112945981324,88.61459355102852,5538.4120969392825,0.36978107879184274
turboQuant,8,512,16,decode,pytorch_mps,214.7089981008321,187.24112887866795,225.90390290133655,77.9674701334443,4872.966883340268,0.4202778407958642
polarQuant,2,512,16,encode,pytorch_mps,309.2285187449306,286.2583671230823,324.412522604689,169.2642817943124,10579.017612144526,0.19359075436729892
polarQuant,2,512,16,decode,pytorch_mps,259.2710079625249,235.18780944868922,273.1667133048177,120.18231245747302,7511.394528592064,0.27265243387287197
polarQuant,4,512,16,encode,pytorch_mps,313.02100978791714,295.9790581371635,324.4372026529163,173.21484301646706,10825.927688529191,0.18917547381828492
polarQuant,4,512,16,decode,pytorch_mps,260.25003171525896,225.30422429554164,274.54972732812166,123.50650104053784,7719.156315033615,0.2653139690941835
polarQuant,8,512,16,encode,pytorch_mps,312.52100598067045,292.74558764882386,327.1505585871637,184.9401232902892,11558.757705643075,0.17718167057002593
polarQuant,8,512,16,decode,pytorch_mps,259.14597790688276,246.35001318529248,272.2744131460786,117.80597014876548,7362.873134297843,0.27815228683759013
turboQuant,2,512,256,encode,pytorch_mps,314.47899527847767,284.1750392690301,327.21219467930496,168.01953279355075,656.3262999748076,3.120399106478912
turboQuant,2,512,256,decode,pytorch_mps,384.9579952657223,362.7545200288296,395.9541907534003,237.89062470314093,929.2602527466443,2.2039035823889606
turboQuant,4,512,256,encode,pytorch_mps,315.6874736305326,300.2381359692663,331.0789179522544,174.19403047824744,680.4454315556541,3.0097931516974152
turboQuant,4,512,256,decode,pytorch_mps,379.2500065173954,360.9286155551672,390.8583312295377,231.59378179116175,904.6632101217256,2.2638258935327262
turboQuant,8,512,256,encode,pytorch_mps,322.14549719356,292.50411316752434,338.933989405632,181.4153747545788,708.6538076350735,2.8899865885637532
turboQuant,8,512,256,decode,pytorch_mps,367.22898948937654,345.8749852143228,379.60055051371455,217.5364370486932,849.7517072214578,2.410115781581197
polarQuant,2,512,256,encode,pytorch_mps,369.8960063047707,362.5587443821132,392.3494019545615,278.78775108547416,1089.0146526776334,1.8805991223023906
polarQuant,2,512,256,decode,pytorch_mps,424.3959847372025,392.72436988539994,439.5213967654854,272.06378217670135,1062.7491491277397,1.9270775250028789
polarQuant,4,512,256,encode,pytorch_mps,402.5415109936148,367.12060682475567,435.1460956968367,294.2304690805031,1149.3377698457152,1.7818956739539842
polarQuant,4,512,256,decode,pytorch_mps,405.3124866914004,378.22050508111715,433.4583121817559,267.85937552631367,1046.3256856496628,1.9573255517744443
polarQuant,8,512,256,encode,pytorch_mps,387.41648313589394,375.6875288672745,422.2618939820677,293.58853134908713,1146.8302005823716,1.7857918277352702
polarQuant,8,512,256,decode,pytorch_mps,400.7499956060201,387.97560846433043,407.7918885741383,252.81512353103608,987.5590762931097,2.0737999874269284
turboQuant,2,512,4096,encode,pytorch_mps,1703.4165211953223,1675.7958102971315,1765.6002950388938,1491.639310188475,364.16975346398317,5.623750958225996
turboQuant,2,512,4096,decode,pytorch_mps,2830.5625019129366,2812.6877907197922,2852.271101437509,2621.723968331935,640.0693282060388,3.19965339651574
turboQuant,4,512,4096,encode,pytorch_mps,1750.8540186099708,1723.3997001312673,1798.846508609131,1546.58071915037,377.5831833863208,5.423970372919409
turboQuant,4,512,4096,decode,pytorch_mps,2737.2084732633084,2712.8881425596774,2750.249987002462,2525.4179690819,616.5571213578858,3.321671146202237
turboQuant,8,512,4096,encode,pytorch_mps,1846.5204921085387,1820.3500076197088,1894.7035714518279,1636.6419040423352,399.57077735408575,5.1254999516271775
turboQuant,8,512,4096,decode,pytorch_mps,2523.5630164388567,2501.0084093082696,2537.237521028146,2315.671876203851,565.3495791513308,3.622537409640131
polarQuant,2,512,4096,encode,pytorch_mps,1919.0835009794682,1874.146400950849,1989.8878119420258,1744.906248859479,426.00250216295876,4.8074834997485025
polarQuant,2,512,4096,decode,pytorch_mps,3112.187492661178,3092.1920260880142,3130.2208721172065,2903.5611878498457,708.8772431274037,2.8890756754507927
polarQuant,4,512,4096,encode,pytorch_mps,1943.6250149738044,1892.9585989098996,1973.3583845663816,1754.7369679959957,428.4025800771474,4.780550106937248
polarQuant,4,512,4096,decode,pytorch_mps,3031.5829790197313,3009.9006078671664,3044.000006048009,2814.9244990345323,687.2374265221026,2.9800472456284846
polarQuant,8,512,4096,encode,pytorch_mps,1957.2085002437234,1920.07091245614,2021.107776090503,1786.757813533768,436.2201693197676,4.694876908588632
polarQuant,8,512,4096,decode,pytorch_mps,2815.3125022072345,2795.8586113527417,2829.333901172504,2606.3697805511765,636.3207472048771,3.2185026325105857
turboQuant,2,1024,1,encode,pytorch_mps,207.35396537929773,194.9541736394167,212.96701743267477,75.03125016228296,75031.25016228296,0.054590587137237856
turboQuant,2,1024,1,decode,pytorch_mps,192.2914816532284,170.24968983605504,200.8702198509127,62.312530644703656,62312.53064470366,0.06573316727184061
turboQuant,4,1024,1,encode,pytorch_mps,206.2084968201816,182.58813652209938,216.3708908483386,72.9791572666727,72979.1572666727,0.05612561385208698
turboQuant,4,1024,1,decode,pytorch_mps,182.87551938556135,173.00391336902976,187.6872032880783,61.27343658590689,61273.43658590689,0.06684789083532641
turboQuant,8,1024,1,encode,pytorch_mps,209.87499738112092,193.38748534210026,221.22079972177744,73.8450307835592,73845.0307835592,0.055467510224288925
turboQuant,8,1024,1,decode,pytorch_mps,191.43748795613647,175.41247070766985,201.4918893110007,60.85806126066018,60858.06126066018,0.06730414862308033
polarQuant,2,1024,1,encode,pytorch_mps,289.2290067393333,264.3088926561177,298.17151953466237,149.54296966607217,149542.96966607217,0.027390120773623284
polarQuant,2,1024,1,decode,pytorch_mps,231.62498837336898,199.42497601732612,243.50451421923935,93.34115566161927,93341.15566161927,0.04388203650326374
polarQuant,4,1024,1,encode,pytorch_mps,289.0830219257623,256.3412766903639,298.699684208259,151.02212273632176,151022.12273632176,0.027121854240861405
polarQuant,4,1024,1,decode,pytorch_mps,232.12502128444612,202.89189997129142,244.00357506237924,92.40234430762939,92402.34430762939,0.04432787967330614
polarQuant,8,1024,1,encode,pytorch_mps,289.58352049812675,256.4451831858605,297.77117306366563,152.38934429362416,152389.34429362416,0.02687851974812502
polarQuant,8,1024,1,decode,pytorch_mps,230.83298583514988,201.10028563067317,238.8659631833434,90.45574915944599,90455.74915944599,0.045281809482114806
turboQuant,2,1024,16,encode,pytorch_mps,230.1254717167467,207.7666111290455,247.7618458215147,102.90624959452543,6431.64059965784,0.6368515056979249
turboQuant,2,1024,16,decode,pytorch_mps,227.16651437804103,211.16665448062122,235.9505626372993,92.56509292754345,5785.318307971465,0.7079990731635647
turboQuant,4,1024,16,encode,pytorch_mps,224.3329945486039,208.89127044938505,245.87530642747876,101.84503298660275,6365.314561662672,0.6434874443864235
turboQuant,4,1024,16,decode,pytorch_mps,226.937496336177,213.09139556251466,237.42467747069895,89.82809413282666,5614.2558833016665,0.7295713065346068
turboQuant,8,1024,16,encode,pytorch_mps,239.58299425430596,226.4794777147472,251.19141791947186,105.1731887855567,6573.324299097294,0.6231245886594243
turboQuant,8,1024,16,decode,pytorch_mps,227.89600188843906,208.03808001801372,232.73752303794026,88.40493865136523,5525.308665710327,0.741316050887706
polarQuant,2,1024,16,encode,pytorch_mps,319.8959748260677,296.0042387712747,337.157811736688,226.30599778494798,14144.124861559249,0.2895902037129257
polarQuant,2,1024,16,decode,pytorch_mps,266.75002300180495,243.9618983771652,289.02143822051585,133.59634249354713,8349.771405846695,0.49055235178437223
polarQuant,4,1024,16,encode,pytorch_mps,308.0829919781536,296.7122185509652,315.6167396809906,218.87240473006386,13679.525295628991,0.29942559492972987
polarQuant,4,1024,16,decode,pytorch_mps,239.5829651504755,232.20031871460378,249.45440236479044,127.45446838380303,7965.9042739876895,0.5141914664196139
polarQuant,8,1024,16,encode,pytorch_mps,327.3960028309375,293.20004396140575,343.18811376579106,227.84634347772226,14240.396467357641,0.2876324412307622
polarQuant,8,1024,16,decode,pytorch_mps,259.4580000732094,240.27501931414008,284.0080123860389,129.41146815137472,8088.21675946092,0.5064157059352844
turboQuant,2,1024,256,encode,pytorch_mps,447.2295113373548,424.2497030645609,458.06666603311896,291.5703134931391,1138.9465370825747,3.596305767338258
turboQuant,2,1024,256,decode,pytorch_mps,585.6245115865022,564.1380848828703,621.8960916157812,436.321593952016,1704.3812263750624,2.4032182099960795
turboQuant,4,1024,256,encode,pytorch_mps,456.74946159124374,427.0165925845504,469.83297215774655,294.33853342197835,1149.759896179603,3.562482926748532
turboQuant,4,1024,256,decode,pytorch_mps,570.6249794457108,545.929092913866,601.0164390318096,422.49218859069515,1650.360111682403,2.4818825727825384
turboQuant,8,1024,256,encode,pytorch_mps,471.0004723165184,441.07920839451253,483.40808716602623,311.6210937150754,1217.2698973245133,3.364907001317263
turboQuant,8,1024,256,decode,pytorch_mps,537.666492164135,518.0494219530374,588.0165961571038,396.4140942116501,1548.4925555142581,2.6451531752051007
polarQuant,2,1024,256,encode,pytorch_mps,543.8130174297839,514.5794886630028,566.3119140081108,419.16925147233997,1637.379888563828,2.5015575362860156
polarQuant,2,1024,256,decode,pytorch_mps,660.8334952034056,599.7534783091396,754.5167114585638,480.6744691450149,1877.6346450977144,2.181468056468909
polarQuant,4,1024,256,encode,pytorch_mps,554.1874852497131,534.4999895896763,613.3909686468542,419.13934364856686,1637.2630611272143,2.5017360357351537
polarQuant,4,1024,256,decode,pytorch_mps,637.8544785548002,612.6374821178615,721.4832643512636,468.61456212354824,1830.5256332951103,2.2376086548576937
polarQuant,8,1024,256,encode,pytorch_mps,553.3335206564516,530.3452955558896,1012.2291976585984,428.5768445697613,1674.12829910063,2.4466464142565654
polarQuant,8,1024,256,decode,pytorch_mps,587.4380003660917,559.1707769781351,636.4458182360977,442.88149911153596,1730.0058559044373,2.367622043602063
turboQuant,2,1024,4096,encode,pytorch_mps,3695.7084957975894,3679.8207671381533,3708.3291332237422,3490.457031148253,852.162361120179,4.806595769632153
turboQuant,2,1024,4096,decode,pytorch_mps,5974.4794853031635,5959.645804250613,5991.496407659724,5763.511719123926,1407.1073533017397,2.910936390452971
turboQuant,4,1024,4096,encode,pytorch_mps,3806.8959838710725,3784.9080050364137,3830.541984643787,3604.9895934411325,880.124412461214,4.653887498184248
turboQuant,4,1024,4096,decode,pytorch_mps,5790.396011434495,5774.674995336682,5806.008703075349,5576.589843258262,1361.472129701724,3.0085081513180634
turboQuant,8,1024,4096,encode,pytorch_mps,4003.9580198936164,3983.974357834086,4022.2038340289146,3804.0260296838824,928.7172924032916,4.410384121739094
turboQuant,8,1024,4096,decode,pytorch_mps,5371.333507355303,5348.32053235732,5390.42497985065,5158.8073147286195,1259.4744420724169,3.252150153408583
polarQuant,2,1024,4096,encode,pytorch_mps,4362.291976576671,4340.900015085936,4383.7374716531485,4186.408876194037,1022.0724795395597,4.0075435764058875
polarQuant,2,1024,4096,decode,pytorch_mps,6769.708503270522,6746.132799889892,6794.295593863353,6575.904939381871,1605.4455418412772,2.5513166863961754
polarQuant,4,1024,4096,encode,pytorch_mps,4370.520997326821,4351.70418350026,4391.979175852612,4194.976563667296,1024.164200114086,3.9993586961384993
polarQuant,4,1024,4096,decode,pytorch_mps,6597.499508643523,6576.578895328566,6620.146200293675,6385.727876477176,1559.0155948430606,2.6272989273159433
polarQuant,8,1024,4096,encode,pytorch_mps,4520.207992754877,4499.220312573016,4542.199982097372,4352.542968263151,1062.6325606111209,3.8545779151020807
polarQuant,8,1024,4096,decode,pytorch_mps,5966.916505713016,5950.913118431345,6000.6125015206635,5773.743469035253,1409.6053391199348,2.90577787010744
