method,bits,dim,batch,phase,api,gpu_us_median,gpu_us_p10,gpu_us_p90,wall_us_median,wall_us_p10,wall_us_p90,sustained_gpu_us_per_call,sustained_wall_us_per_call,ns_per_vector_sustained_gpu,input_gb_per_s_sustained_gpu
turboQuant,2,64,1,encode,gpu_resident,5.79166,5.70831,5.91663,85.083,82.333,89.5,4.16146,10.7188,4161.46,0.0615169
turboQuant,2,64,1,decode,gpu_resident,3.58332,3.49997,3.66668,86.833,85.084,89.292,2.23958,8.76044,2239.58,0.114307
turboQuant,2,64,1,encode,array,,,,101.666,98.25,105.709,,,,
turboQuant,2,64,1,decode,array,,,,100.834,97.167,109.75,,,,
turboQuant,4,64,1,encode,gpu_resident,5.75004,5.45831,5.95837,92.542,83.834,101.167,4.20313,10.8281,4203.13,0.060907
turboQuant,4,64,1,decode,gpu_resident,3.70835,3.625,3.83338,88.042,81.875,92.416,2.41927,9.20831,2419.27,0.105817
turboQuant,4,64,1,encode,array,,,,99.25,96.792,106.459,,,,
turboQuant,4,64,1,decode,array,,,,111.083,102.167,116.125,,,,
turboQuant,8,64,1,encode,gpu_resident,7.58335,6.37496,7.70838,96.833,83.125,99.75,6.03906,13.5156,6039.06,0.0423907
turboQuant,8,64,1,decode,gpu_resident,4.25003,3.75003,4.41668,99.708,89.625,102.083,3.13021,10.6615,3130.21,0.0817837
turboQuant,8,64,1,encode,array,,,,113.542,108.5,117.708,,,,
turboQuant,8,64,1,decode,array,,,,114.292,110.458,117.166,,,,
polarQuant,2,64,1,encode,gpu_resident,6.24999,6.12496,6.49999,87.917,83.5,101.791,4.36719,10.6875,4367.19,0.0586189
polarQuant,2,64,1,decode,gpu_resident,4.04171,3.875,4.20836,94.959,83.833,102,2.75781,10.0339,2757.81,0.0928273
polarQuant,2,64,1,encode,array,,,,109.375,100,118.5,,,,
polarQuant,2,64,1,decode,array,,,,104.667,99.792,114.542,,,,
polarQuant,4,64,1,encode,gpu_resident,5.62496,5.49998,5.74999,87.542,82.042,102.125,3.84375,10.6641,3843.75,0.0666016
polarQuant,4,64,1,decode,gpu_resident,3.99997,3.875,4.125,86.833,82.375,99.708,2.38281,8.78906,2382.81,0.107436
polarQuant,4,64,1,encode,array,,,,101.75,97.458,108.542,,,,
polarQuant,4,64,1,decode,array,,,,97,95.084,101.917,,,,
polarQuant,8,64,1,encode,gpu_resident,5.79166,5.45837,5.91669,100.708,87.5,104.958,3.65885,9.97394,3658.85,0.0699673
polarQuant,8,64,1,decode,gpu_resident,3.99997,3.83332,4.125,97.25,86.041,103.75,2.7526,10.0442,2752.6,0.0930028
polarQuant,8,64,1,encode,array,,,,100.042,97.917,109.917,,,,
polarQuant,8,64,1,decode,array,,,,98.875,97.791,100.917,,,,
turboQuant,2,64,16,encode,gpu_resident,5.87502,5.79166,6.00005,86.375,83.375,90.834,4.22916,10.7864,264.323,0.968513
turboQuant,2,64,16,decode,gpu_resident,4.08333,3.79165,4.375,101.458,86.375,104.875,2.71094,9.91931,169.434,1.51092
turboQuant,2,64,16,encode,array,,,,101.5,97.584,112.542,,,,
turboQuant,2,64,16,decode,array,,,,112.625,110.166,116.084,,,,
turboQuant,4,64,16,encode,gpu_resident,5.58334,5.49998,5.70831,85.833,82.833,89.25,4.07812,10.6614,254.883,1.00438
turboQuant,4,64,16,decode,gpu_resident,4.125,3.875,4.41668,97.125,87.416,105.584,2.86979,10.4323,179.362,1.42728
turboQuant,4,64,16,encode,array,,,,112.416,109.208,114.959,,,,
turboQuant,4,64,16,decode,array,,,,113.417,102.042,115.833,,,,
turboQuant,8,64,16,encode,gpu_resident,6.37496,6.12502,6.54167,87.375,83.958,92.792,5.04948,11.7865,315.592,0.811173
turboQuant,8,64,16,decode,gpu_resident,4.29165,3.9583,4.50003,95.709,85.833,101,3.17187,10.6953,198.242,1.29135
turboQuant,8,64,16,encode,array,,,,112.125,110.959,114.75,,,,
turboQuant,8,64,16,decode,array,,,,112.833,109.292,116.042,,,,
polarQuant,2,64,16,encode,gpu_resident,6.24999,6.12502,6.4167,85.25,84.042,90.208,4.47657,10.8932,279.785,0.914987
polarQuant,2,64,16,decode,gpu_resident,4.125,3.875,4.25003,96.167,87.042,104.666,2.88021,10.2761,180.013,1.42212
polarQuant,2,64,16,encode,array,,,,110.792,100.958,113.834,,,,
polarQuant,2,64,16,decode,array,,,,106.25,100.125,113.75,,,,
polarQuant,4,64,16,encode,gpu_resident,6.04166,5.74999,6.24999,95.75,85.708,102.417,4.52344,11.7344,282.715,0.905506
polarQuant,4,64,16,decode,gpu_resident,4.125,3.91668,4.375,100.5,89.5,104.459,2.88021,10.3802,180.013,1.42212
polarQuant,4,64,16,encode,array,,,,111.875,110.166,115,,,,
polarQuant,4,64,16,decode,array,,,,102.208,95.083,109.125,,,,
polarQuant,8,64,16,encode,gpu_resident,5.87502,5.58334,6.04166,102.375,95.125,105.375,4.29687,11.6901,268.555,0.953251
polarQuant,8,64,16,decode,gpu_resident,4.125,3.99997,4.24997,101.875,92.125,103.875,2.9375,10.3958,183.594,1.39438
polarQuant,8,64,16,encode,array,,,,113.75,108.875,117.083,,,,
polarQuant,8,64,16,decode,array,,,,112.333,103.292,119.417,,,,
turboQuant,2,64,256,encode,gpu_resident,5.87502,5.79166,6.12502,87,82.917,92,4.88021,11.3021,19.0633,13.4289
turboQuant,2,64,256,decode,gpu_resident,4.375,4.125,4.62501,104.291,97.917,106.416,3.34635,10.8906,13.0717,19.5843
turboQuant,2,64,256,encode,array,,,,128.458,120.583,138.167,,,,
turboQuant,2,64,256,decode,array,,,,134.208,125.834,137.042,,,,
turboQuant,4,64,256,encode,gpu_resident,6.04166,5.79166,6.24999,101.958,96.167,104.417,5.04167,12.4947,19.694,12.9989
turboQuant,4,64,256,decode,gpu_resident,4.375,4.16668,4.50003,104.917,97.208,106.625,3.35938,10.9167,13.1226,19.5084
turboQuant,4,64,256,encode,array,,,,128.334,125.417,133.5,,,,
turboQuant,4,64,256,decode,array,,,,122.667,120.959,127.292,,,,
turboQuant,8,64,256,encode,gpu_resident,7.45832,6.54167,7.66665,96.25,86.667,98.167,5.83854,13.1511,22.8068,11.2247
turboQuant,8,64,256,decode,gpu_resident,4.25003,4.12494,4.74998,90.708,87.375,100.292,3.02865,9.8255,11.8307,21.6387
turboQuant,8,64,256,encode,array,,,,118.5,116.5,123.541,,,,
turboQuant,8,64,256,decode,array,,,,126.083,124.708,128.708,,,,
polarQuant,2,64,256,encode,gpu_resident,6.37502,6.24999,6.62496,86.875,84.792,93.292,5.32552,11.7942,20.8028,12.306
polarQuant,2,64,256,decode,gpu_resident,4.29171,4.16668,4.54165,102.25,94.292,104.417,3.21093,10.3828,12.5427,20.4103
polarQuant,2,64,256,encode,array,,,,125.833,114.875,130.958,,,,
polarQuant,2,64,256,decode,array,,,,132.709,123.459,136.5,,,,
polarQuant,4,64,256,encode,gpu_resident,6.08328,5.83334,6.49999,94,83.958,102.5,5.32813,12.4662,20.813,12.3
polarQuant,4,64,256,decode,gpu_resident,4.29165,4.08333,4.54165,99.5,91.583,104.833,3.07031,9.79944,11.9934,21.3451
polarQuant,4,64,256,encode,array,,,,127.5,121.334,133.791,,,,
polarQuant,4,64,256,decode,array,,,,135,131.792,139.083,,,,
polarQuant,8,64,256,encode,gpu_resident,5.87496,5.62501,6.12502,96.541,86.375,104.292,5.07292,12.2683,19.8161,12.9188
polarQuant,8,64,256,decode,gpu_resident,4.25003,4.04171,4.50003,96,87.75,103.5,3.46875,10.888,13.5498,18.8933
polarQuant,8,64,256,encode,array,,,,130.791,127.292,136.792,,,,
polarQuant,8,64,256,decode,array,,,,138,134.084,146.125,,,,
turboQuant,2,64,4096,encode,gpu_resident,35.6667,35.5,35.9584,159.834,145.083,165.875,36.7474,46.9427,8.97153,28.5347
turboQuant,2,64,4096,decode,gpu_resident,16.3333,16.25,16.5416,139,131.75,143.541,16.8099,25.4089,4.10398,62.3785
turboQuant,2,64,4096,encode,array,,,,261,255.708,275.334,,,,
turboQuant,2,64,4096,decode,array,,,,364.125,340.875,377.417,,,,
turboQuant,4,64,4096,encode,gpu_resident,33.625,33.4583,33.875,149.042,137.042,157.583,34.4375,47.7969,8.40759,30.4487
turboQuant,4,64,4096,decode,gpu_resident,16.625,16.2917,16.75,150.959,140.75,155.667,17.3229,26.3021,4.22923,60.5311
turboQuant,4,64,4096,encode,array,,,,286.458,261.166,294.958,,,,
turboQuant,4,64,4096,decode,array,,,,379.25,357.458,390.5,,,,
turboQuant,8,64,4096,encode,gpu_resident,36.9166,36.25,37.1666,167.25,151.125,172.042,37.9479,52.6484,9.26463,27.632
turboQuant,8,64,4096,decode,gpu_resident,16.4583,16.2917,16.7916,140.875,132.958,152.917,18.1172,27.4193,4.42314,57.8774
turboQuant,8,64,4096,encode,array,,,,308,300.125,317.5,,,,
turboQuant,8,64,4096,decode,array,,,,380.709,376.417,387.542,,,,
polarQuant,2,64,4096,encode,gpu_resident,39.625,39.5,40,162.167,150.708,174.083,40.7318,56.7474,9.94428,25.7434
polarQuant,2,64,4096,decode,gpu_resident,21.4167,21.3333,21.7084,131.834,128.458,135.834,22.2422,30.0494,5.43022,47.1436
polarQuant,2,64,4096,encode,array,,,,275.666,262.167,289.166,,,,
polarQuant,2,64,4096,decode,array,,,,376.583,352.209,389.042,,,,
polarQuant,4,64,4096,encode,gpu_resident,35.9166,35.625,36.2084,155.5,143.792,167.292,36.8411,52.1953,8.99442,28.4621
polarQuant,4,64,4096,decode,gpu_resident,21.375,21.25,21.625,147.25,133.875,157.75,22.1432,31.0208,5.40606,47.3543
polarQuant,4,64,4096,encode,array,,,,281.5,258.125,295.416,,,,
polarQuant,4,64,4096,decode,array,,,,381.25,370.958,394.125,,,,
polarQuant,8,64,4096,encode,gpu_resident,33.875,33.6667,34.25,155.5,142.25,172.292,34.7083,48.1459,8.47371,30.2111
polarQuant,8,64,4096,decode,gpu_resident,21.375,21.1666,21.625,148.167,136.833,155.625,22.5313,31.5078,5.50079,46.5387
polarQuant,8,64,4096,encode,array,,,,300.333,286.792,316.125,,,,
polarQuant,8,64,4096,decode,array,,,,372.042,354.708,389.167,,,,
turboQuant,2,128,1,encode,gpu_resident,6.58334,6.29167,6.74999,129.542,117.666,138.167,4.82813,13.5651,4828.13,0.106045
turboQuant,2,128,1,decode,gpu_resident,4.125,3.74997,4.25003,104.875,95.417,106.375,2.78125,10.3151,2781.25,0.18409
turboQuant,2,128,1,encode,array,,,,112.209,106.708,116.375,,,,
turboQuant,2,128,1,decode,array,,,,101.459,99.417,104.875,,,,
turboQuant,4,128,1,encode,gpu_resident,6.29167,6.04166,6.37502,101.208,92.625,103.375,4.7526,12.0521,4752.6,0.10773
turboQuant,4,128,1,decode,gpu_resident,4.04165,3.75003,4.125,102.125,92.083,105.125,2.91406,10.4297,2914.06,0.1757
turboQuant,4,128,1,encode,array,,,,104.167,98.917,107.708,,,,
turboQuant,4,128,1,decode,array,,,,112.458,107.791,114.291,,,,
turboQuant,8,128,1,encode,gpu_resident,7.79168,6.62502,7.87503,97.625,88.25,100.125,6.3151,13.7214,6315.1,0.0810755
turboQuant,8,128,1,decode,gpu_resident,4.33333,3.9583,4.375,98.459,92.041,101.417,2.77864,9.53125,2778.64,0.184263
turboQuant,8,128,1,encode,array,,,,114.042,109.958,116.792,,,,
turboQuant,8,128,1,decode,array,,,,113.291,110.583,115.75,,,,
polarQuant,2,128,1,encode,gpu_resident,6.62502,6.37496,6.83329,98.875,88.208,105.708,5.08854,12.5104,5088.54,0.100618
polarQuant,2,128,1,decode,gpu_resident,4.16668,3.99997,4.25003,102.584,89.583,105.25,2.51562,9.14844,2515.62,0.203528
polarQuant,2,128,1,encode,array,,,,103.666,100.667,113.417,,,,
polarQuant,2,128,1,decode,array,,,,100.292,98.625,103.125,,,,
polarQuant,4,128,1,encode,gpu_resident,6.00005,5.87502,6.33334,92.334,87.5,105.25,4.17187,10.9062,4171.87,0.122727
polarQuant,4,128,1,decode,gpu_resident,4.08333,3.99997,4.20836,87.791,84.875,92.708,2.57813,9.2135,2578.13,0.198594
polarQuant,4,128,1,encode,array,,,,106.542,101.541,110.834,,,,
polarQuant,4,128,1,decode,array,,,,99.75,98.041,103.416,,,,
polarQuant,8,128,1,encode,gpu_resident,5.74999,5.66663,5.87502,89.959,85.666,93.167,3.94792,10.5833,3947.92,0.129689
polarQuant,8,128,1,decode,gpu_resident,4.125,3.95835,4.20836,98.417,90.334,105.833,2.5,9.28388,2500,0.2048
polarQuant,8,128,1,encode,array,,,,112.875,105.792,117,,,,
polarQuant,8,128,1,decode,array,,,,113.208,111.292,116.5,,,,
turboQuant,2,128,16,encode,gpu_resident,6.49999,6.16664,6.58334,95,84.291,101,4.99219,12.2631,312.012,1.64096
turboQuant,2,128,16,decode,gpu_resident,4.08333,3.875,4.33339,91.583,86.375,105.333,2.8724,10.2317,179.525,2.85197
turboQuant,2,128,16,encode,array,,,,104.833,100.084,107.708,,,,
turboQuant,2,128,16,decode,array,,,,112.792,110.917,120.208,,,,
turboQuant,4,128,16,encode,gpu_resident,6.12502,5.87502,6.37502,96.625,89.375,104.5,4.84375,12.2839,302.734,1.69125
turboQuant,4,128,16,decode,gpu_resident,4.16668,3.875,4.33333,97.125,87.834,105.25,2.97656,10.513,186.035,2.75217
turboQuant,4,128,16,encode,array,,,,112.958,110.375,118.584,,,,
turboQuant,4,128,16,decode,array,,,,112.667,106.375,117.25,,,,
turboQuant,8,128,16,encode,gpu_resident,7.66671,6.74999,7.79162,98.958,88.458,100.875,6.42969,14.0417,401.855,1.27409
turboQuant,8,128,16,decode,gpu_resident,4.375,3.99997,4.62495,97.333,86.334,100.042,3.30729,10.8464,206.706,2.47695
turboQuant,8,128,16,encode,array,,,,113.208,110,117.708,,,,
turboQuant,8,128,16,decode,array,,,,114.208,110.667,120.542,,,,
polarQuant,2,128,16,encode,gpu_resident,6.74999,6.4167,6.87497,99.167,90.375,105.75,4.85156,12.4506,303.223,1.68853
polarQuant,2,128,16,decode,gpu_resident,4.24997,4.04165,4.50003,96.916,86.042,104.666,3.02083,10.4531,188.802,2.71184
polarQuant,2,128,16,encode,array,,,,113.208,108.833,117.875,,,,
polarQuant,2,128,16,decode,array,,,,112.625,101.75,119.916,,,,
polarQuant,4,128,16,encode,gpu_resident,6.33328,6.08334,6.58334,97.917,91.375,102.25,4.76302,12.2422,297.689,1.71992
polarQuant,4,128,16,decode,gpu_resident,4.25003,4.04171,4.4583,101.709,93.459,106.167,3.08594,10.526,192.871,2.65462
polarQuant,4,128,16,encode,array,,,,112.625,110.458,116.083,,,,
polarQuant,4,128,16,decode,array,,,,114.083,111.75,117.792,,,,
polarQuant,8,128,16,encode,gpu_resident,5.87502,5.66669,6.12502,90.375,85.25,101.917,4.45313,11.7214,278.32,1.83961
polarQuant,8,128,16,decode,gpu_resident,4.25003,4.125,4.45836,102.083,93.209,104.542,3.14323,10.5234,196.452,2.60624
polarQuant,8,128,16,encode,array,,,,101,99.208,119.084,,,,
polarQuant,8,128,16,decode,array,,,,110.625,101,115.25,,,,
turboQuant,2,128,256,encode,gpu_resident,8.20833,7.87497,8.41665,97.458,85.417,103.625,7.21875,14.5781,28.1982,18.1572
turboQuant,2,128,256,decode,gpu_resident,5.29166,5.16663,5.45837,101.833,93,103.708,4.20573,11.5442,16.4286,31.1651
turboQuant,2,128,256,encode,array,,,,129.459,116.583,138.583,,,,
turboQuant,2,128,256,decode,array,,,,132.833,130.5,135.666,,,,
turboQuant,4,128,256,encode,gpu_resident,7.87497,7.75,8.20833,93.041,87.542,105.583,6.66146,13.3672,26.0213,19.6762
turboQuant,4,128,256,decode,gpu_resident,5.25004,5.12501,5.50004,93.458,87.833,105.583,3.9375,10.6771,15.3809,33.2881
turboQuant,4,128,256,encode,array,,,,126.666,122.584,130.292,,,,
turboQuant,4,128,256,decode,array,,,,135.5,127.208,144,,,,
turboQuant,8,128,256,encode,gpu_resident,9.12498,8.99995,10.0834,87,84.958,108.208,8.30209,15.7552,32.43,15.7878
turboQuant,8,128,256,decode,gpu_resident,5.62501,5.25004,5.83328,95.875,85.041,98.541,4.5,11.7578,17.5781,29.1271
turboQuant,8,128,256,encode,array,,,,141.959,125.292,145.542,,,,
turboQuant,8,128,256,decode,array,,,,141.292,135.166,143.917,,,,
polarQuant,2,128,256,encode,gpu_resident,8.8333,8.62498,9.08336,92.875,86.375,109.875,7.6849,14.4219,30.0191,17.0558
polarQuant,2,128,256,decode,gpu_resident,5.83334,5.62501,5.99999,93.791,84.958,103.166,4.80469,12.0964,18.7683,27.28
polarQuant,2,128,256,encode,array,,,,137.209,122.25,145.25,,,,
polarQuant,2,128,256,decode,array,,,,123.667,120.667,132.75,,,,
polarQuant,4,128,256,encode,gpu_resident,8.25,8.12497,8.54162,92.291,87.083,106.417,7.01041,13.6067,27.3844,18.6968
polarQuant,4,128,256,decode,gpu_resident,5.91669,5.79166,6.00005,101.791,95.291,103.708,4.79948,12.0573,18.748,27.3096
polarQuant,4,128,256,encode,array,,,,142.333,129.583,148.625,,,,
polarQuant,4,128,256,decode,array,,,,137.709,132.334,142,,,,
polarQuant,8,128,256,encode,gpu_resident,8.25,7.87503,8.37503,104.458,92.458,107.25,7.20573,14.5182,28.1474,18.19
polarQuant,8,128,256,decode,gpu_resident,5.70837,5.49998,5.95831,102.666,95.584,104,4.76042,12.0183,18.5954,27.5337
polarQuant,8,128,256,encode,array,,,,123.459,120.834,139.125,,,,
polarQuant,8,128,256,decode,array,,,,139.75,137.875,144.625,,,,
turboQuant,2,128,4096,encode,gpu_resident,61.3333,61,61.5,193.667,175.167,200.041,62.1172,76.0678,15.1653,33.7612
turboQuant,2,128,4096,decode,gpu_resident,32.25,31.9167,32.4167,166.166,154.25,171.666,32.9688,47.4817,8.04901,63.6103
turboQuant,2,128,4096,encode,array,,,,399.875,381.417,411.75,,,,
turboQuant,2,128,4096,decode,array,,,,460.458,437.625,473.208,,,,
turboQuant,4,128,4096,encode,gpu_resident,61.4584,61.125,61.8334,192.041,182.166,196.209,62.1953,76.0156,15.1844,33.7188
turboQuant,4,128,4096,decode,gpu_resident,32.2083,31.875,32.4583,162.708,157.792,172.25,33.2266,50.1875,8.11195,63.1167
turboQuant,4,128,4096,encode,array,,,,413.083,404.625,429.083,,,,
turboQuant,4,128,4096,decode,array,,,,462.834,433.917,473.667,,,,
turboQuant,8,128,4096,encode,gpu_resident,68.9583,68.75,69.125,186.958,180.542,194.584,69.5469,81.8646,16.9792,30.1545
turboQuant,8,128,4096,decode,gpu_resident,32.75,32.375,32.875,167.459,159.583,175.208,33.5547,48.3516,8.19206,62.4995
turboQuant,8,128,4096,encode,array,,,,443.375,430.375,458.709,,,,
turboQuant,8,128,4096,decode,array,,,,475.75,462.833,486.792,,,,
polarQuant,2,128,4096,encode,gpu_resident,69.875,69.625,70,199.25,192.25,208.541,70.5729,83.5912,17.2297,29.7161
polarQuant,2,128,4096,decode,gpu_resident,42.75,42.5833,42.9166,180.208,172.625,187.208,43.4635,57.4791,10.6112,48.2508
polarQuant,2,128,4096,encode,array,,,,402.292,392.291,426,,,,
polarQuant,2,128,4096,decode,array,,,,471.375,436.041,488.042,,,,
polarQuant,4,128,4096,encode,gpu_resident,65.875,65.625,66,196.375,189.334,201.334,66.5521,80.1589,16.2481,31.5114
polarQuant,4,128,4096,decode,gpu_resident,42.6667,42.5,42.8333,178.917,171.042,185.792,43.6172,58.3125,10.6487,48.0809
polarQuant,4,128,4096,encode,array,,,,430,407.084,445.5,,,,
polarQuant,4,128,4096,decode,array,,,,462.541,445.209,481.083,,,,
polarQuant,8,128,4096,encode,gpu_resident,64.3333,64,64.4583,193.916,186.375,199.375,65.0547,78.8307,15.8825,32.2368
polarQuant,8,128,4096,decode,gpu_resident,42.4167,42.2916,42.5833,165.75,157.291,171.458,42.7552,55.5312,10.4383,49.0502
polarQuant,8,128,4096,encode,array,,,,427.291,420.125,433.917,,,,
polarQuant,8,128,4096,decode,array,,,,484.334,472.625,509.667,,,,
turboQuant,2,256,1,encode,gpu_resident,6.54167,6.45831,6.79167,114.5,105.875,126.375,5.14063,13.8489,5140.63,0.199197
turboQuant,2,256,1,decode,gpu_resident,4.125,3.875,4.33333,97.625,85.75,105.75,2.96094,10.4531,2960.94,0.345836
turboQuant,2,256,1,encode,array,,,,105.417,100.834,114.417,,,,
turboQuant,2,256,1,decode,array,,,,104,100.458,113.041,,,,
turboQuant,4,256,1,encode,gpu_resident,6.62496,6.24999,6.74999,103.916,88.333,105.791,5.07813,12.5859,5078.13,0.201649
turboQuant,4,256,1,decode,gpu_resident,4.25003,4.12494,4.33339,102.25,95.291,103.417,2.75,9.15362,2750,0.372364
turboQuant,4,256,1,encode,array,,,,110.291,109.083,115.209,,,,
turboQuant,4,256,1,decode,array,,,,111.542,108.833,113.875,,,,
turboQuant,8,256,1,encode,gpu_resident,8.16665,7.25,8.33336,98.541,85,101.125,6.64844,14.2526,6648.44,0.154021
turboQuant,8,256,1,decode,gpu_resident,4.54165,4.125,4.66668,99.25,87.084,101.291,3.39583,10.7162,3395.83,0.301546
turboQuant,8,256,1,encode,array,,,,112.208,103.5,122.041,,,,
turboQuant,8,256,1,decode,array,,,,113.042,109.417,115.292,,,,
polarQuant,2,256,1,encode,gpu_resident,6.95832,6.62502,7.12497,94.958,87.459,101.5,5.40365,12.5808,5403.65,0.189502
polarQuant,2,256,1,decode,gpu_resident,4.375,4.2083,4.50003,94.5,86.791,104.667,2.71354,9.16931,2713.54,0.377366
polarQuant,2,256,1,encode,array,,,,111.333,102,115.584,,,,
polarQuant,2,256,1,decode,array,,,,108.833,99.042,111.333,,,,
polarQuant,4,256,1,encode,gpu_resident,6.54167,6.20831,6.62502,96.083,87.041,102.292,4.96094,12.1614,4960.94,0.206413
polarQuant,4,256,1,decode,gpu_resident,4.375,4.25003,4.50003,101.292,85.875,105.458,3.08073,10.4739,3080.73,0.332389
polarQuant,4,256,1,encode,array,,,,112.875,109.625,120.584,,,,
polarQuant,4,256,1,decode,array,,,,112.666,106.5,117.708,,,,
polarQuant,8,256,1,encode,gpu_resident,6.37496,5.99999,6.45837,99.625,87.25,104.541,4.73437,12.0417,4734.37,0.21629
polarQuant,8,256,1,decode,gpu_resident,4.33333,4.16668,4.4583,101.792,88.958,104.25,3.08594,10.3933,3085.94,0.331828
polarQuant,8,256,1,encode,array,,,,111.416,107.042,115.625,,,,
polarQuant,8,256,1,decode,array,,,,113.375,110.041,123.958,,,,
turboQuant,2,256,16,encode,gpu_resident,6.87502,6.62496,7.20832,103.834,96.625,105.75,5.3125,12.7057,332.031,3.08405
turboQuant,2,256,16,decode,gpu_resident,4.125,4.00003,4.50003,89.5,84.542,99.708,3.04167,10.3099,190.104,5.38652
turboQuant,2,256,16,encode,array,,,,108.208,105.667,117.834,,,,
turboQuant,2,256,16,decode,array,,,,107.291,105,111.541,,,,
turboQuant,4,256,16,encode,gpu_resident,6.29167,6.12502,6.62502,93.042,88.375,105.625,5.05729,12.4766,316.081,3.23968
turboQuant,4,256,16,decode,gpu_resident,4.375,4.08333,4.62501,97.25,85.334,103.25,3.1875,10.513,199.219,5.14008
turboQuant,4,256,16,encode,array,,,,120.833,117.334,125.625,,,,
turboQuant,4,256,16,decode,array,,,,116.834,108.625,121.583,,,,
turboQuant,8,256,16,encode,gpu_resident,7.1667,7,8.0833,86.5,84.708,97.541,5.80469,12.5808,362.793,2.82255
turboQuant,8,256,16,decode,gpu_resident,4.7083,4.24997,4.99998,99.75,93.458,102,3.48698,11.0417,217.936,4.69862
turboQuant,8,256,16,encode,array,,,,122,117.292,130.458,,,,
turboQuant,8,256,16,decode,array,,,,119.75,117,124.584,,,,
polarQuant,2,256,16,encode,gpu_resident,7.04167,6.74999,7.20832,103.709,97.083,106.166,5.54948,12.9714,346.842,2.95235
polarQuant,2,256,16,decode,gpu_resident,4.49998,4.33333,4.74998,102.75,93.625,104.959,3.28906,10.5859,205.566,4.98136
polarQuant,2,256,16,encode,array,,,,118.625,114.792,125.25,,,,
polarQuant,2,256,16,decode,array,,,,116,106.666,120.584,,,,
polarQuant,4,256,16,encode,gpu_resident,6.62502,6.45831,6.95832,98.334,94.083,103.584,5.09896,12.388,318.685,3.21321
polarQuant,4,256,16,decode,gpu_resident,4.375,4.20836,4.62501,99,89.125,104,3.34375,10.75,208.984,4.89989
polarQuant,4,256,16,encode,array,,,,120.834,108.209,129.042,,,,
polarQuant,4,256,16,decode,array,,,,106.875,104.417,118.792,,,,
polarQuant,8,256,16,encode,gpu_resident,6.37502,6.12502,6.62502,97.833,94.042,102.916,4.375,10.9688,273.438,3.74491
polarQuant,8,256,16,decode,gpu_resident,4.375,4.16668,4.62501,90.291,83.792,103,2.89844,9.39844,181.152,5.6527
polarQuant,8,256,16,encode,array,,,,108.084,104.792,124.459,,,,
polarQuant,8,256,16,decode,array,,,,115.958,114.375,120.25,,,,
turboQuant,2,256,256,encode,gpu_resident,11.8333,11.625,12.125,106.459,99.375,114.542,10.8854,18.4323,42.5212,24.0821
turboQuant,2,256,256,decode,gpu_resident,7.25,7,7.45832,95.417,89.292,105.958,6.32031,13.7865,24.6887,41.4764
turboQuant,2,256,256,encode,array,,,,159.792,153,167.5,,,,
turboQuant,2,256,256,decode,array,,,,145.042,134.625,152.166,,,,
turboQuant,4,256,256,encode,gpu_resident,11.875,11.5833,12.125,138,130.792,142.166,10.5443,18.4244,41.1886,24.8613
turboQuant,4,256,256,decode,gpu_resident,7.1667,7,7.4167,122.833,116.208,137.292,6.02344,14.0104,23.5291,43.5207
turboQuant,4,256,256,encode,array,,,,168.625,165.375,178.208,,,,
turboQuant,4,256,256,decode,array,,,,184.542,176.291,190.959,,,,
turboQuant,8,256,256,encode,gpu_resident,14.125,13.25,14.375,142.833,134.458,149.709,13.1302,22.4062,51.2899,19.965
turboQuant,8,256,256,decode,gpu_resident,7.62497,7.25,7.83335,125.917,120.875,131.625,6.69792,15.7292,26.1637,39.1381
turboQuant,8,256,256,encode,array,,,,201,193.75,206.292,,,,
turboQuant,8,256,256,decode,array,,,,183.209,173.792,189.625,,,,
polarQuant,2,256,256,encode,gpu_resident,13.125,12.7917,13.375,138.041,132.5,144.834,15.1979,23.7994,59.3669,17.2487
polarQuant,2,256,256,decode,gpu_resident,8.25,8.16665,8.50001,123.916,118.625,129.333,7.2474,15.6328,28.3101,36.1708
polarQuant,2,256,256,encode,array,,,,178.167,167.666,182.292,,,,
polarQuant,2,256,256,decode,array,,,,159.458,155.833,162.208,,,,
polarQuant,4,256,256,encode,gpu_resident,12.5417,12.25,12.75,139.875,131.5,146.375,13.8646,23.0495,54.1585,18.9075
polarQuant,4,256,256,decode,gpu_resident,8.41665,8.25,8.75001,134.167,125,138.25,7.63281,16.6068,29.8157,34.3444
polarQuant,4,256,256,encode,array,,,,190.584,184.042,193.833,,,,
polarQuant,4,256,256,decode,array,,,,176,154.875,185.291,,,,
polarQuant,8,256,256,encode,gpu_resident,12.4167,12.0833,12.625,142.875,136.125,147.125,11.7005,20.7552,45.7052,22.4045
polarQuant,8,256,256,decode,gpu_resident,8.29162,8.12497,8.50001,129.041,120.084,139.375,7.59375,16.4739,29.6631,34.521
polarQuant,8,256,256,encode,array,,,,193.542,188,211.5,,,,
polarQuant,8,256,256,decode,array,,,,181.083,169.166,190.417,,,,
turboQuant,2,256,4096,encode,gpu_resident,118.042,117.75,118.25,247.041,238.291,254.084,118.313,130.195,28.8849,35.4511
turboQuant,2,256,4096,decode,gpu_resident,66.3333,66.125,67,203.291,178.291,225,66.3594,79.3203,16.201,63.2059
turboQuant,2,256,4096,encode,array,,,,702.334,649.792,860.916,,,,
turboQuant,2,256,4096,decode,array,,,,667.625,630.833,874.459,,,,
turboQuant,4,256,4096,encode,gpu_resident,122.5,122.167,123.083,249.625,239.459,260.166,123.065,136.456,30.0452,34.082
turboQuant,4,256,4096,decode,gpu_resident,66.25,66.0833,66.5833,194.292,177.959,213.292,66.5469,78.5026,16.2468,63.0278
turboQuant,4,256,4096,encode,array,,,,660.625,624.25,678.709,,,,
turboQuant,4,256,4096,decode,array,,,,648.375,616.083,671.958,,,,
turboQuant,8,256,4096,encode,gpu_resident,140.958,140.542,141.708,271,262.916,281.208,141.88,155.26,34.6387,29.5623
turboQuant,8,256,4096,decode,gpu_resident,66.75,66.375,67,207.084,192.542,214.416,67.6849,80.9505,16.5246,61.9681
turboQuant,8,256,4096,encode,array,,,,755.875,730.958,776.167,,,,
turboQuant,8,256,4096,decode,array,,,,686.333,672.417,709.125,,,,
polarQuant,2,256,4096,encode,gpu_resident,134.75,134.625,135,256.708,242.041,262.917,135.06,146.797,32.9736,31.0551
polarQuant,2,256,4096,decode,gpu_resident,87.125,86.9583,87.75,218.709,198.792,235.375,89.3828,102.284,21.822,46.9252
polarQuant,2,256,4096,encode,array,,,,701.708,652.25,881.459,,,,
polarQuant,2,256,4096,decode,array,,,,730.917,646.917,916.083,,,,
polarQuant,4,256,4096,encode,gpu_resident,131.5,131.208,135.125,260.459,249.75,303.042,139.018,151.794,33.94,30.1709
polarQuant,4,256,4096,decode,gpu_resident,86.875,86.75,87.25,199.583,196.75,213.875,87.6641,99.9141,21.4024,47.8452
polarQuant,4,256,4096,encode,array,,,,764.583,687.5,966.042,,,,
polarQuant,4,256,4096,decode,array,,,,695.709,645.416,830.083,,,,
polarQuant,8,256,4096,encode,gpu_resident,132.958,132.625,133.167,266.667,256.291,270.917,133.758,146.378,32.6557,31.3575
polarQuant,8,256,4096,decode,gpu_resident,86.75,86.5416,87.0833,221.75,204.625,240.708,86.4531,99.3047,21.1067,48.5154
polarQuant,8,256,4096,encode,array,,,,800.333,724.666,964.666,,,,
polarQuant,8,256,4096,decode,array,,,,755.75,720.417,934.75,,,,
turboQuant,2,512,1,encode,gpu_resident,7.08335,6.87502,7.37503,117.5,103.334,130.25,5.22135,12.8567,5221.35,0.392235
turboQuant,2,512,1,decode,gpu_resident,4.375,4.25003,4.66668,92.666,81.416,106.125,2.88281,9.69794,2882.81,0.710418
turboQuant,2,512,1,encode,array,,,,112.667,106.25,125.417,,,,
turboQuant,2,512,1,decode,array,,,,98.875,95.75,103.25,,,,
turboQuant,4,512,1,encode,gpu_resident,6.95832,6.54167,7.12503,97.459,85.708,104.125,5.55208,12.8724,5552.08,0.368871
turboQuant,4,512,1,decode,gpu_resident,4.37495,4.24997,4.62501,85.083,82.458,102.083,3.28385,10.7578,3283.85,0.623657
turboQuant,4,512,1,encode,array,,,,113.334,102.791,135.916,,,,
turboQuant,4,512,1,decode,array,,,,112.625,100.042,128.291,,,,
turboQuant,8,512,1,encode,gpu_resident,7.70838,7.5,8.83336,86.708,80.791,108.708,6.17448,12.5156,6174.48,0.331688
turboQuant,8,512,1,decode,gpu_resident,4.50003,4.375,4.75004,87.917,83.541,94.584,3.33594,10.099,3335.94,0.61392
turboQuant,8,512,1,encode,array,,,,100.583,98.084,106.166,,,,
turboQuant,8,512,1,decode,array,,,,101.333,97.667,108,,,,
polarQuant,2,512,1,encode,gpu_resident,7.1667,7,7.62497,93.25,81.834,109.667,5.46614,12.8724,5466.14,0.37467
polarQuant,2,512,1,decode,gpu_resident,4.74998,4.62501,4.99998,98.666,81.584,116.542,3.07031,9.88019,3070.31,0.667033
polarQuant,2,512,1,encode,array,,,,108.125,97.375,133.417,,,,
polarQuant,2,512,1,decode,array,,,,102,95.75,113.5,,,,
polarQuant,4,512,1,encode,gpu_resident,6.66664,6.50005,6.79167,84.041,82.292,88.875,5.01563,11.4375,5015.63,0.408324
polarQuant,4,512,1,decode,gpu_resident,4.87495,4.74998,4.99998,95.25,87.75,103.5,3.13021,9.77081,3130.21,0.65427
polarQuant,4,512,1,encode,array,,,,100.084,98.375,103.792,,,,
polarQuant,4,512,1,decode,array,,,,99.959,97.458,110.458,,,,
polarQuant,8,512,1,encode,gpu_resident,6.45831,6.24999,6.87502,91.75,82.417,113.25,5.15625,12.4688,5156.25,0.397188
polarQuant,8,512,1,decode,gpu_resident,4.87495,4.66668,4.99998,98.125,90.25,103.666,3.46615,10.7604,3466.15,0.590858
polarQuant,8,512,1,encode,array,,,,111.25,102.75,122.208,,,,
polarQuant,8,512,1,decode,array,,,,111.417,108,114.292,,,,
turboQuant,2,512,16,encode,gpu_resident,7.1667,7,7.66671,88.708,82.083,105.042,5.3099,11.6849,331.868,6.17112
turboQuant,2,512,16,decode,gpu_resident,4.74998,4.49998,5.12501,98.5,79.042,109.666,2.98959,10.0312,186.849,10.9607
turboQuant,2,512,16,encode,array,,,,130.875,117.416,166.291,,,,
turboQuant,2,512,16,decode,array,,,,113.5,104.875,130.334,,,,
turboQuant,4,512,16,encode,gpu_resident,7.25,6.74999,7.37503,102.334,87.042,106.417,5.54687,13.0703,346.68,5.90747
turboQuant,4,512,16,decode,gpu_resident,4.99998,4.50003,5.12501,98.375,83.333,103.167,3.17968,10.0599,198.73,10.3054
turboQuant,4,512,16,encode,array,,,,117.833,111.458,145.75,,,,
turboQuant,4,512,16,decode,array,,,,119.375,111.708,121.333,,,,
turboQuant,8,512,16,encode,gpu_resident,8.87498,7.87497,9.00001,108.458,86.916,111.5,7.29688,14.8776,456.055,4.49069
turboQuant,8,512,16,decode,gpu_resident,4.66662,4.49998,5.08333,88.75,83.917,104.791,3.29687,9.95569,206.055,9.93911
turboQuant,8,512,16,encode,array,,,,135.75,120.917,163.958,,,,
turboQuant,8,512,16,decode,array,,,,116.625,109,130.541,,,,
polarQuant,2,512,16,encode,gpu_resident,7.58335,7.25,7.79168,101.292,89.833,104.292,6.08594,13.3541,380.371,5.38421
polarQuant,2,512,16,decode,gpu_resident,4.66668,4.54165,5.29166,86,82.542,106.709,3.63802,11.0625,227.376,9.0071
polarQuant,2,512,16,encode,array,,,,112.584,109.167,119.541,,,,
polarQuant,2,512,16,decode,array,,,,110.292,106.5,154.084,,,,
polarQuant,4,512,16,encode,gpu_resident,6.74999,6.62496,7.12503,89.541,81.459,105.708,5.11979,12.8334,319.987,6.40026
polarQuant,4,512,16,decode,gpu_resident,5.12501,4.91668,5.37501,96.333,88,103.583,3.72396,11.1979,232.747,8.79924
polarQuant,4,512,16,encode,array,,,,124.333,118.375,132.666,,,,
polarQuant,4,512,16,decode,array,,,,119.083,111.25,121.709,,,,
polarQuant,8,512,16,encode,gpu_resident,6.74999,6.54167,7.12503,86.333,83.291,100.208,4.92709,12.8359,307.943,6.65058
polarQuant,8,512,16,decode,gpu_resident,4.87495,4.62501,4.99998,99.75,89.167,104.041,3.64063,10.9115,227.539,9.00065
polarQuant,8,512,16,encode,array,,,,123.084,113,137.625,,,,
polarQuant,8,512,16,decode,array,,,,119.833,117.083,124,,,,
turboQuant,2,512,256,encode,gpu_resident,20.5,20,20.75,122.291,110.75,124.875,22.2865,29.9844,87.0565,23.525
turboQuant,2,512,256,decode,gpu_resident,12.125,12,12.375,116.958,114.417,137.334,10.9323,19.3854,42.7043,47.9577
turboQuant,2,512,256,encode,array,,,,204.75,198.125,224.583,,,,
turboQuant,2,512,256,decode,array,,,,194.125,187.083,199.5,,,,
turboQuant,4,512,256,encode,gpu_resident,20.5,20.25,20.875,129.875,120.041,154.666,19.599,27.9245,76.5584,26.7508
turboQuant,4,512,256,decode,gpu_resident,12.25,12,12.4584,135.75,113.125,149.125,11.4271,20.4297,44.637,45.8812
turboQuant,4,512,256,encode,array,,,,207.708,199.375,220.125,,,,
turboQuant,4,512,256,decode,array,,,,194.25,185,214.375,,,,
turboQuant,8,512,256,encode,gpu_resident,24.125,23.3333,24.375,153,135.75,157.666,25.4844,34.9583,99.5483,20.5729
turboQuant,8,512,256,decode,gpu_resident,12.375,12.25,12.75,136.042,128.125,148.833,11.4792,20.7812,44.8405,45.673
turboQuant,8,512,256,encode,array,,,,238.416,230.833,252.291,,,,
turboQuant,8,512,256,decode,array,,,,218.416,209.75,225.208,,,,
polarQuant,2,512,256,encode,gpu_resident,22.8334,22.5416,23,149.917,140,159.958,24.2188,33.5547,94.6045,21.648
polarQuant,2,512,256,decode,gpu_resident,14.625,14.4166,14.875,143.916,123.625,154.875,15.9036,25.2734,62.1236,32.9665
polarQuant,2,512,256,encode,array,,,,215.25,198.917,220.875,,,,
polarQuant,2,512,256,decode,array,,,,210.917,201.334,218.834,,,,
polarQuant,4,512,256,encode,gpu_resident,22.3333,21.9167,22.5834,149.834,139.542,155.459,24.0495,33.112,93.9433,21.8004
polarQuant,4,512,256,decode,gpu_resident,14.625,14.375,14.7501,143.792,129.667,150.125,15.6302,23.9714,61.0555,33.5433
polarQuant,4,512,256,encode,array,,,,227.75,219.333,234.416,,,,
polarQuant,4,512,256,decode,array,,,,216.5,202.125,222.042,,,,
polarQuant,8,512,256,encode,gpu_resident,22.25,21.875,22.4583,148.708,135.917,157.709,24.0078,33.276,93.7805,21.8382
polarQuant,8,512,256,decode,gpu_resident,14.5,14.375,14.75,133.792,124.375,150.541,15.513,23.9557,60.5977,33.7966
polarQuant,8,512,256,encode,array,,,,222.417,212.375,245.708,,,,
polarQuant,8,512,256,decode,array,,,,201.75,191.709,221.708,,,,
turboQuant,2,512,4096,encode,gpu_resident,243.458,243.083,243.75,373.083,358.709,397.292,244.422,257.346,59.6733,34.3202
turboQuant,2,512,4096,decode,gpu_resident,142.75,142.458,143,288.708,272.125,298.208,143.419,157.365,35.0145,58.4901
turboQuant,2,512,4096,encode,array,,,,1211.33,1188.12,1265.29,,,,
turboQuant,2,512,4096,decode,array,,,,996.792,969.542,1023.5,,,,
turboQuant,4,512,4096,encode,gpu_resident,259.25,258.917,259.5,391.792,382.25,401.625,260.312,273.781,63.5529,32.2251
turboQuant,4,512,4096,decode,gpu_resident,142.375,142.125,142.708,289.625,268.916,300.25,143.227,157.414,34.9674,58.5688
turboQuant,4,512,4096,encode,array,,,,1253.54,1225.46,1285.17,,,,
turboQuant,4,512,4096,decode,array,,,,1021.58,1004.79,1046.25,,,,
turboQuant,8,512,4096,encode,gpu_resident,295.708,295.125,296.208,426.708,409.5,456.458,296.919,310.479,72.4901,28.2522
turboQuant,8,512,4096,decode,gpu_resident,141.917,141.75,142.458,269.916,254.125,297.792,149.771,162.505,36.5651,56.0096
turboQuant,8,512,4096,encode,array,,,,1681.88,1495.08,1873.58,,,,
turboQuant,8,512,4096,decode,array,,,,1186.96,1139.92,1437.17,,,,
polarQuant,2,512,4096,encode,gpu_resident,281.25,280.792,281.542,415.5,404.291,431.334,297.63,309.164,72.6636,28.1847
polarQuant,2,512,4096,decode,gpu_resident,183.625,183.375,188,323.25,312.125,370.25,198.057,210.417,48.3538,42.3545
polarQuant,2,512,4096,encode,array,,,,1465.83,1357.04,1701.17,,,,
polarQuant,2,512,4096,decode,array,,,,1103.46,1040.42,1409.75,,,,
polarQuant,4,512,4096,encode,gpu_resident,280.25,279.917,280.583,413.917,402.375,422.791,281.266,294.401,68.6684,29.8245
polarQuant,4,512,4096,decode,gpu_resident,182.875,182.625,183.125,327.75,314.125,333.084,183.547,197.224,44.8112,45.7028
polarQuant,4,512,4096,encode,array,,,,1295.08,1274.04,1376.08,,,,
polarQuant,4,512,4096,decode,array,,,,1074.92,1039.25,1088.5,,,,
polarQuant,8,512,4096,encode,gpu_resident,283.375,283,283.625,408.458,398.583,435.25,284.69,298.323,69.5044,29.4658
polarQuant,8,512,4096,decode,gpu_resident,181.375,181.167,181.625,302.333,292.959,336.667,181.625,195.333,44.342,46.1864
polarQuant,8,512,4096,encode,array,,,,1607.75,1454.21,1686.71,,,,
polarQuant,8,512,4096,decode,array,,,,1149.17,1075.88,1379.96,,,,
turboQuant,2,1024,1,encode,gpu_resident,8.50001,8.12497,8.58336,135.625,125.667,142,6.64844,15.8828,6648.44,0.616084
turboQuant,2,1024,1,decode,gpu_resident,5.08333,4.87501,5.41669,88.083,81,108.834,3.6901,11.2448,3690.1,1.11
turboQuant,2,1024,1,encode,array,,,,115.75,99.583,128.375,,,,
turboQuant,2,1024,1,decode,array,,,,109.916,96.25,121.875,,,,
turboQuant,4,1024,1,encode,gpu_resident,7.70832,7.5,8.12497,94.833,83.292,106.333,6.07291,12.5808,6072.91,0.67447
turboQuant,4,1024,1,decode,gpu_resident,5.29166,4.91668,5.37501,102.25,84.042,105.333,4.1224,11.5703,4122.4,0.993597
turboQuant,4,1024,1,encode,array,,,,118.708,108.333,126.042,,,,
turboQuant,4,1024,1,decode,array,,,,113.583,109.667,118.791,,,,
turboQuant,8,1024,1,encode,gpu_resident,9.75002,8.54162,9.83331,109.292,86.5,111.625,8.02604,15.0625,8026.04,0.510339
turboQuant,8,1024,1,decode,gpu_resident,5.20836,5.04166,5.62501,85.792,81.208,106.417,4.11198,11.737,4111.98,0.996114
turboQuant,8,1024,1,encode,array,,,,104.5,98.583,128.25,,,,
turboQuant,8,1024,1,decode,array,,,,101.292,97.084,134.792,,,,
polarQuant,2,1024,1,encode,gpu_resident,8.25,8.12497,8.62504,96.042,82.458,112.542,6.81511,14.0078,6815.11,0.601018
polarQuant,2,1024,1,decode,gpu_resident,5.37501,5.33334,5.45837,103.667,93.959,106.333,4.42188,11.8932,4421.88,0.926304
polarQuant,2,1024,1,encode,array,,,,123.292,107.625,125.667,,,,
polarQuant,2,1024,1,decode,array,,,,113,111.084,117.25,,,,
polarQuant,4,1024,1,encode,gpu_resident,7.66671,7.54168,8.0833,87.917,81.542,107.583,6.29688,13.6094,6296.88,0.650481
polarQuant,4,1024,1,decode,gpu_resident,5.37501,5.24998,5.45831,90.708,85.334,92.792,4.125,10.8438,4125,0.99297
polarQuant,4,1024,1,encode,array,,,,106.416,102.125,113.083,,,,
polarQuant,4,1024,1,decode,array,,,,102.167,100.25,105.375,,,,
polarQuant,8,1024,1,encode,gpu_resident,7.5,7.37497,7.79168,91.291,81.667,105.125,6.08854,13.4114,6088.54,0.672739
polarQuant,8,1024,1,decode,gpu_resident,5.37501,5.24998,5.45831,101.166,87.583,104.416,4.41406,11.7135,4414.06,0.927944
polarQuant,8,1024,1,encode,array,,,,114.834,105.167,118.875,,,,
polarQuant,8,1024,1,decode,array,,,,110.042,107.75,115.875,,,,
turboQuant,2,1024,16,encode,gpu_resident,8.50001,8.08336,8.91666,101.917,85.959,107.958,6.80729,14.1615,425.456,9.62732
turboQuant,2,1024,16,decode,gpu_resident,5.62501,5.33334,5.75004,97.833,95.25,103.125,4.09635,11.4167,256.022,15.9986
turboQuant,2,1024,16,encode,array,,,,114.25,112.333,139.792,,,,
turboQuant,2,1024,16,decode,array,,,,124.25,120.333,128.167,,,,
turboQuant,4,1024,16,encode,gpu_resident,8.3333,7.83335,8.54168,103.542,90.292,106.458,6.71875,14.0391,419.922,9.7542
turboQuant,4,1024,16,decode,gpu_resident,5.62501,5.33334,5.75004,97.875,95.459,103.208,3.83594,10.7083,239.746,17.0847
turboQuant,4,1024,16,encode,array,,,,132.666,126.209,139.042,,,,
turboQuant,4,1024,16,decode,array,,,,121.958,118.792,124.042,,,,
turboQuant,8,1024,16,encode,gpu_resident,9.24995,8.87498,10.0417,101.25,85.792,113.291,8.36198,15.9427,522.624,7.83738
turboQuant,8,1024,16,decode,gpu_resident,5.83334,5.41669,6.04166,92.875,84.042,98.625,4.48958,11.8672,280.599,14.5973
turboQuant,8,1024,16,encode,array,,,,138.834,131.417,147.625,,,,
turboQuant,8,1024,16,decode,array,,,,116.416,114.333,128.917,,,,
polarQuant,2,1024,16,encode,gpu_resident,8.62498,8.49995,9.00001,88.958,85.25,109.792,7.4375,14.7317,464.844,8.81156
polarQuant,2,1024,16,decode,gpu_resident,5.87496,5.62501,6.00005,97.25,84.667,104,4.66406,12.0339,291.504,14.0513
polarQuant,2,1024,16,encode,array,,,,134.166,130.375,140.833,,,,
polarQuant,2,1024,16,decode,array,,,,123.125,120.416,125.542,,,,
polarQuant,4,1024,16,encode,gpu_resident,8.33336,7.95833,8.50001,102.625,93.917,105.167,6.89323,14.1797,430.827,9.5073
polarQuant,4,1024,16,decode,gpu_resident,5.87502,5.74999,6.00005,99.416,94.583,102.958,4.5625,11.9115,285.156,14.3641
polarQuant,4,1024,16,encode,array,,,,128.458,124.916,134.667,,,,
polarQuant,4,1024,16,decode,array,,,,121.291,111.959,125,,,,
polarQuant,8,1024,16,encode,gpu_resident,8.12497,7.79162,8.25,102.25,93.792,104.792,6.6901,13.9922,418.132,9.79596
polarQuant,8,1024,16,decode,gpu_resident,5.87502,5.66663,6.00005,101.375,95.458,104.5,4.52344,11.8281,282.715,14.4881
polarQuant,8,1024,16,encode,array,,,,130.875,119.625,134.333,,,,
polarQuant,8,1024,16,decode,array,,,,127.25,124.375,132.083,,,,
turboQuant,2,1024,256,encode,gpu_resident,39.5,39.2917,39.875,161.417,151.625,175.292,40.3828,53.7682,157.745,25.9659
turboQuant,2,1024,256,decode,gpu_resident,24.2083,24.0834,24.375,149.042,142.75,151.791,25.7031,34.2942,100.403,40.7957
turboQuant,2,1024,256,encode,array,,,,265.5,259.042,281.667,,,,
turboQuant,2,1024,256,decode,array,,,,237.042,233.25,244.042,,,,
turboQuant,4,1024,256,encode,gpu_resident,40.625,40.5,40.75,151.083,145.833,162.709,41.7604,54.7734,163.127,25.1093
turboQuant,4,1024,256,decode,gpu_resident,24.3334,24.2083,24.4583,146.5,137.875,149.542,25.6536,34.1484,100.21,40.8743
turboQuant,4,1024,256,encode,array,,,,286.75,276.125,297.459,,,,
turboQuant,4,1024,256,decode,array,,,,238.042,233.667,242.167,,,,
turboQuant,8,1024,256,encode,gpu_resident,45.8333,45.7084,46,165.334,156.083,171.208,46.7656,59.1406,182.678,22.4219
turboQuant,8,1024,256,decode,gpu_resident,24.5833,24.4583,24.6667,149.209,141.708,151.5,26.3984,34.6901,103.119,39.7211
turboQuant,8,1024,256,encode,array,,,,300.167,294.792,324.959,,,,
turboQuant,8,1024,256,decode,array,,,,246.208,243.291,250.584,,,,
polarQuant,2,1024,256,encode,gpu_resident,44.375,44.25,44.5,161.5,155,169.166,45.0469,56.6224,175.964,23.2774
polarQuant,2,1024,256,decode,gpu_resident,28.5,28.375,28.625,152.209,142,156.875,28.9635,43.4297,113.139,36.2033
polarQuant,2,1024,256,encode,array,,,,269.416,263,275,,,,
polarQuant,2,1024,256,decode,array,,,,241.708,236,252.041,,,,
polarQuant,4,1024,256,encode,gpu_resident,43.7083,43.5833,43.8333,163.625,155.792,168.75,44.8047,56.9974,175.018,23.4033
polarQuant,4,1024,256,decode,gpu_resident,28.5,28.375,28.625,150.167,142.084,154,29.1094,42.5469,113.708,36.0219
polarQuant,4,1024,256,encode,array,,,,274.125,267.875,285.75,,,,
polarQuant,4,1024,256,decode,array,,,,245.042,238.625,248.459,,,,
polarQuant,8,1024,256,encode,gpu_resident,43.7083,43.5417,43.8333,159.959,156.917,166.959,44.3047,56.6511,173.065,23.6674
polarQuant,8,1024,256,decode,gpu_resident,28.375,28.2917,28.5,149.75,144.375,155,28.888,42.1589,112.844,36.298
polarQuant,8,1024,256,encode,array,,,,301.875,293.875,326.083,,,,
polarQuant,8,1024,256,decode,array,,,,250.292,247.333,253.5,,,,
turboQuant,2,1024,4096,encode,gpu_resident,539.958,539.75,540.25,742.125,683.959,775.708,541.414,554.352,132.181,30.9878
turboQuant,2,1024,4096,decode,gpu_resident,310.333,310.125,310.583,441.125,439.25,464.292,311.706,325.083,76.1,53.8239
turboQuant,2,1024,4096,encode,array,,,,2830.46,2739.62,2905.17,,,,
turboQuant,2,1024,4096,decode,array,,,,1806.46,1784.04,1846.17,,,,
turboQuant,4,1024,4096,encode,gpu_resident,565.625,565.5,565.833,757.959,713.292,799.125,567.068,580.378,138.444,29.5859
turboQuant,4,1024,4096,decode,gpu_resident,310.542,310.333,310.875,444.541,435,460.209,311.927,325.586,76.1541,53.7857
turboQuant,4,1024,4096,encode,array,,,,2949.58,2874.62,3035.88,,,,
turboQuant,4,1024,4096,decode,array,,,,1879,1846.58,1957.58,,,,
turboQuant,8,1024,4096,encode,gpu_resident,639.208,639,639.375,820.25,789.917,875.792,644.323,658.63,157.305,26.0385
turboQuant,8,1024,4096,decode,gpu_resident,313.125,312.625,313.667,446.459,443.208,460.875,314.018,327.724,76.6646,53.4275
turboQuant,8,1024,4096,encode,array,,,,3064.33,2960.38,3231.12,,,,
turboQuant,8,1024,4096,decode,array,,,,2123.79,2054.88,2223.29,,,,
polarQuant,2,1024,4096,encode,gpu_resident,618.208,617.833,618.375,826.25,770.583,868.333,619.734,633.492,151.302,27.0716
polarQuant,2,1024,4096,decode,gpu_resident,384.917,384.708,385.292,519.25,515.791,540.542,385.32,398.88,94.0723,43.541
polarQuant,2,1024,4096,encode,array,,,,2959.54,2862.62,3095,,,,
polarQuant,2,1024,4096,decode,array,,,,1934.38,1897.08,1993.42,,,,
polarQuant,4,1024,4096,encode,gpu_resident,612.875,612.5,613.125,833.542,770.042,865.166,614.268,627.891,149.968,27.3125
polarQuant,4,1024,4096,decode,gpu_resident,384.25,383.875,384.542,536.459,518.875,561.709,384.341,398.622,93.8333,43.6519
polarQuant,4,1024,4096,encode,array,,,,3154.25,2992.17,3450.04,,,,
polarQuant,4,1024,4096,decode,array,,,,2006.96,1984.25,2058.38,,,,
polarQuant,8,1024,4096,encode,gpu_resident,614.875,614.5,615.083,837.083,778.459,868.75,616.359,630.37,150.478,27.2199
polarQuant,8,1024,4096,decode,gpu_resident,382.208,381.917,382.5,537.084,528.042,564.542,382.596,396.414,93.4073,43.851
polarQuant,8,1024,4096,encode,array,,,,3082.58,2976.62,3159.29,,,,
polarQuant,8,1024,4096,decode,array,,,,2144.33,2070.08,2214.71,,,,